id,fecha,usuario,texto,tema,sentimiento,likes,reposts
1,2022-05-01,user_44220,La presión por ser productivo todo el tiempo está quemando a una generación entera. No todo en la vida debe ser rendimiento.,Generación Z y crisis de sentido,neutral,1056,2652
2,2024-03-21,user_8463,Antes los proyectos de vida eran a largo plazo; hoy parece que nuestra identidad cambia tan rápido como las tendencias en TikTok.,Cultura de lo efímero y proyectos de vida,neutral,4032,566
3,2022-12-21,user_26421,"Cada vez que una app me recomienda qué ver o qué comprar, siento que renuncio un poco más a mi libertad de elección.",Cultura de lo efímero y proyectos de vida,neutral,7884,1817
4,2022-09-04,user_24985,Todo se mueve tan rápido que incluso los recuerdos parecen caducar. La cultura de lo efímero borra cualquier intento de construir algo que perdure.,Cultura de lo efímero y proyectos de vida,neutral,8695,3614
5,2022-01-15,user_71752,¿Seguimos siendo sujetos libres si los algoritmos determinan qué contenido vemos y qué contenido nunca nos aparece?,Cultura de lo efímero y proyectos de vida,negativo,16384,2610
6,2022-08-04,user_5708,Estamos tan acostumbrados a la recompensa instantánea que cualquier proyecto que requiera paciencia nos parece imposible.,Generación Z y crisis de sentido,negativo,11176,4637
10,2023-03-29,user_14060,El ruido constante de las redes sociales hace difícil encontrar silencio interior. ¿Cómo pensar profundamente en medio de tantas distracciones?,IA y pérdida de autonomía humana,negativo,3997,3657
13,2022-08-14,user_26,"Antes los proyectos de vida eran a largo plazo; hoy parece que nuestra identidad cambia tan rápido como las tendencias en TikTok. Muchos jóvenes sienten que el futuro es incierto, no por falta de oportunidades, sino por exceso de opciones que terminan paralizando.",IA y pérdida de autonomía humana,neutral,19266,4947
15,2023-05-24,user_55151,"A veces siento que la presión de mostrar una vida perfecta en redes sociales nos roba la oportunidad de ser auténticos. La Generación Z vive entre expectativas irreales y una búsqueda constante de validación. La cultura actual parece obsesionada con lo nuevo y lo inmediato, dejando poco espacio para la reflexión o el compromiso duradero.",Cultura de lo efímero y proyectos de vida,neutral,9527,4267
16,2023-04-15,user_55746,"La Generación Z enfrenta un dilema existencial: querer cambiar el mundo, pero estar atrapada en dinámicas de inmediatez y consumo constante.",Cultura de lo efímero y proyectos de vida,negativo,17860,664
20,2023-02-21,user_52138,No sé si la tecnología nos está liberando del esfuerzo o si nos está convirtiendo en espectadores pasivos de nuestra propia vida.,Cultura de lo efímero y proyectos de vida,negativo,18676,4627
21,2022-04-22,user_92895,Estamos tan acostumbrados a la recompensa instantánea que cualquier proyecto que requiera paciencia nos parece imposible. La presión por ser productivo todo el tiempo está quemando a una generación entera. No todo en la vida debe ser rendimiento.,Cultura de lo efímero y proyectos de vida,positivo,16469,3518
22,2023-02-25,user_81839,La IA puede predecir nuestras emociones con una precisión inquietante. ¿Qué queda entonces de nuestra espontaneidad? La presión por ser productivo todo el tiempo está quemando a una generación entera. No todo en la vida debe ser rendimiento.,Generación Z y crisis de sentido,positivo,914,436
23,2023-11-01,user_79067,"Muchos jóvenes tienen una sensación de vacío difícil de explicar. Vivimos en un mundo hiperconectado, pero paradójicamente, cada día nos sentimos más solos.",Generación Z y crisis de sentido,positivo,7422,3361
24,2022-11-13,user_50251,"La cultura actual parece obsesionada con lo nuevo y lo inmediato, dejando poco espacio para la reflexión o el compromiso duradero.",Generación Z y crisis de sentido,positivo,2219,4766
26,2022-06-20,user_46881,A veces siento que la presión de mostrar una vida perfecta en redes sociales nos roba la oportunidad de ser auténticos. La Generación Z vive entre expectativas irreales y una búsqueda constante de validación.,Cultura de lo efímero y proyectos de vida,positivo,3323,2500
27,2022-06-02,user_63099,La relación entre la inteligencia artificial y nuestra autonomía se está volviendo difusa. ¿Hasta qué punto delegamos decisiones importantes sin darnos cuenta?,Generación Z y crisis de sentido,neutral,5725,3733
28,2022-07-05,user_83785,"La presión por ser productivo todo el tiempo está quemando a una generación entera. No todo en la vida debe ser rendimiento. Con tanta información, el desafío ya no es aprender, sino filtrar. El exceso de conocimiento puede ser una forma moderna de confusión.",Cultura de lo efímero y proyectos de vida,neutral,7186,621
31,2023-07-18,user_10258,"Con tanta información, el desafío ya no es aprender, sino filtrar. El exceso de conocimiento puede ser una forma moderna de confusión.",Cultura de lo efímero y proyectos de vida,positivo,19680,233
34,2023-12-09,user_43722,A veces siento que la presión de mostrar una vida perfecta en redes sociales nos roba la oportunidad de ser auténticos. La Generación Z vive entre expectativas irreales y una búsqueda constante de validación. Los vínculos afectivos hoy son más frágiles que nunca. La inmediatez también afecta las relaciones humanas.,IA y pérdida de autonomía humana,negativo,15985,1109
36,2023-01-07,user_45077,"Muchos jóvenes tienen una sensación de vacío difícil de explicar. Vivimos en un mundo hiperconectado, pero paradójicamente, cada día nos sentimos más solos. Con tanta información, el desafío ya no es aprender, sino filtrar. El exceso de conocimiento puede ser una forma moderna de confusión.",Generación Z y crisis de sentido,negativo,5901,2108
37,2023-08-16,user_79168,"Todo se mueve tan rápido que incluso los recuerdos parecen caducar. La cultura de lo efímero borra cualquier intento de construir algo que perdure. Muchos jóvenes tienen una sensación de vacío difícil de explicar. Vivimos en un mundo hiperconectado, pero paradójicamente, cada día nos sentimos más solos.",Generación Z y crisis de sentido,negativo,7551,3389
39,2023-05-23,user_82576,No sé si la tecnología nos está liberando del esfuerzo o si nos está convirtiendo en espectadores pasivos de nuestra propia vida. Estamos tan acostumbrados a la recompensa instantánea que cualquier proyecto que requiera paciencia nos parece imposible.,Generación Z y crisis de sentido,positivo,14131,3879
40,2022-12-12,user_96688,"La Generación Z ha heredado un mundo acelerado, caótico y saturado. Buscar sentido en medio de ese ruido es un acto filosófico profundo.",Generación Z y crisis de sentido,neutral,6559,4318
41,2023-02-20,user_25712,El ruido constante de las redes sociales hace difícil encontrar silencio interior. ¿Cómo pensar profundamente en medio de tantas distracciones? La relación entre la inteligencia artificial y nuestra autonomía se está volviendo difusa. ¿Hasta qué punto delegamos decisiones importantes sin darnos cuenta?,Generación Z y crisis de sentido,negativo,19097,550
44,2022-05-31,user_34025,No sé si la tecnología nos está liberando del esfuerzo o si nos está convirtiendo en espectadores pasivos de nuestra propia vida. A veces siento que la presión de mostrar una vida perfecta en redes sociales nos roba la oportunidad de ser auténticos. La Generación Z vive entre expectativas irreales y una búsqueda constante de validación.,Cultura de lo efímero y proyectos de vida,positivo,18265,1794
47,2023-04-18,user_19985,Todo se mueve tan rápido que incluso los recuerdos parecen caducar. La cultura de lo efímero borra cualquier intento de construir algo que perdure. Antes los proyectos de vida eran a largo plazo; hoy parece que nuestra identidad cambia tan rápido como las tendencias en TikTok.,Cultura de lo efímero y proyectos de vida,negativo,19040,3314
48,2023-01-15,user_50,"La identidad en línea se construye y se desmonta como si fuera un proyecto temporal. Nada parece sólido, ni siquiera la idea de quién somos.",Cultura de lo efímero y proyectos de vida,neutral,19560,2871
49,2022-07-26,user_32007,Los algoritmos parecen conocer mis gustos mejor que yo mismo. Es inquietante pensar si realmente sigo mis propias decisiones o si son las plataformas quienes moldean mi comportamiento.,IA y pérdida de autonomía humana,positivo,12923,4487
51,2024-05-18,user_68078,"La IA puede predecir nuestras emociones con una precisión inquietante. ¿Qué queda entonces de nuestra espontaneidad? Muchos jóvenes sienten que el futuro es incierto, no por falta de oportunidades, sino por exceso de opciones que terminan paralizando.",IA y pérdida de autonomía humana,neutral,1332,4900
52,2023-06-10,user_41923,La IA puede predecir nuestras emociones con una precisión inquietante. ¿Qué queda entonces de nuestra espontaneidad?,Cultura de lo efímero y proyectos de vida,neutral,6381,1916
53,2023-10-08,user_80218,"Muchos jóvenes sienten que el futuro es incierto, no por falta de oportunidades, sino por exceso de opciones que terminan paralizando. ¿Seguimos siendo sujetos libres si los algoritmos determinan qué contenido vemos y qué contenido nunca nos aparece?",Cultura de lo efímero y proyectos de vida,positivo,1636,1174
64,2024-03-09,user_28080,"Los vínculos afectivos hoy son más frágiles que nunca. La inmediatez también afecta las relaciones humanas. La identidad en línea se construye y se desmonta como si fuera un proyecto temporal. Nada parece sólido, ni siquiera la idea de quién somos.",IA y pérdida de autonomía humana,negativo,4323,3543
65,2023-08-12,user_17984,"Muchos jóvenes tienen una sensación de vacío difícil de explicar. Vivimos en un mundo hiperconectado, pero paradójicamente, cada día nos sentimos más solos. La IA puede predecir nuestras emociones con una precisión inquietante. ¿Qué queda entonces de nuestra espontaneidad?",Cultura de lo efímero y proyectos de vida,negativo,14340,4956
71,2023-05-15,user_63675,"La cultura actual parece obsesionada con lo nuevo y lo inmediato, dejando poco espacio para la reflexión o el compromiso duradero. Todo se mueve tan rápido que incluso los recuerdos parecen caducar. La cultura de lo efímero borra cualquier intento de construir algo que perdure.",IA y pérdida de autonomía humana,negativo,8930,1058
73,2024-01-30,user_24070,"No sé si la tecnología nos está liberando del esfuerzo o si nos está convirtiendo en espectadores pasivos de nuestra propia vida. La Generación Z ha heredado un mundo acelerado, caótico y saturado. Buscar sentido en medio de ese ruido es un acto filosófico profundo.",Cultura de lo efímero y proyectos de vida,negativo,10338,2576
75,2023-10-11,user_89604,"La Generación Z enfrenta un dilema existencial: querer cambiar el mundo, pero estar atrapada en dinámicas de inmediatez y consumo constante. La IA puede predecir nuestras emociones con una precisión inquietante. ¿Qué queda entonces de nuestra espontaneidad?",Cultura de lo efímero y proyectos de vida,negativo,2121,2455
79,2022-11-27,user_13528,Los vínculos afectivos hoy son más frágiles que nunca. La inmediatez también afecta las relaciones humanas.,IA y pérdida de autonomía humana,positivo,10580,163
88,2022-11-14,user_36874,Los algoritmos parecen conocer mis gustos mejor que yo mismo. Es inquietante pensar si realmente sigo mis propias decisiones o si son las plataformas quienes moldean mi comportamiento. Todo se mueve tan rápido que incluso los recuerdos parecen caducar. La cultura de lo efímero borra cualquier intento de construir algo que perdure.,IA y pérdida de autonomía humana,neutral,18646,2417
89,2023-05-05,user_57668,¿Seguimos siendo sujetos libres si los algoritmos determinan qué contenido vemos y qué contenido nunca nos aparece? La IA puede predecir nuestras emociones con una precisión inquietante. ¿Qué queda entonces de nuestra espontaneidad?,IA y pérdida de autonomía humana,positivo,10317,3428
92,2022-01-29,user_22677,"Muchos jóvenes sienten que el futuro es incierto, no por falta de oportunidades, sino por exceso de opciones que terminan paralizando.",Generación Z y crisis de sentido,positivo,9826,1739
95,2023-05-04,user_8547,No sé si la tecnología nos está liberando del esfuerzo o si nos está convirtiendo en espectadores pasivos de nuestra propia vida. La IA puede predecir nuestras emociones con una precisión inquietante. ¿Qué queda entonces de nuestra espontaneidad?,Cultura de lo efímero y proyectos de vida,negativo,3102,2157
104,2022-01-18,user_10410,"Cada vez que una app me recomienda qué ver o qué comprar, siento que renuncio un poco más a mi libertad de elección. La Generación Z enfrenta un dilema existencial: querer cambiar el mundo, pero estar atrapada en dinámicas de inmediatez y consumo constante.",IA y pérdida de autonomía humana,negativo,3892,4762
105,2024-03-01,user_53144,Antes los proyectos de vida eran a largo plazo; hoy parece que nuestra identidad cambia tan rápido como las tendencias en TikTok. Todo se mueve tan rápido que incluso los recuerdos parecen caducar. La cultura de lo efímero borra cualquier intento de construir algo que perdure.,Cultura de lo efímero y proyectos de vida,neutral,6651,286
109,2023-12-29,user_52360,"Muchos jóvenes sienten que el futuro es incierto, no por falta de oportunidades, sino por exceso de opciones que terminan paralizando. Los algoritmos parecen conocer mis gustos mejor que yo mismo. Es inquietante pensar si realmente sigo mis propias decisiones o si son las plataformas quienes moldean mi comportamiento.",Generación Z y crisis de sentido,negativo,12280,95
111,2024-05-29,user_95591,"La cultura actual parece obsesionada con lo nuevo y lo inmediato, dejando poco espacio para la reflexión o el compromiso duradero. No sé si la tecnología nos está liberando del esfuerzo o si nos está convirtiendo en espectadores pasivos de nuestra propia vida.",Cultura de lo efímero y proyectos de vida,neutral,9026,1104
119,2024-01-31,user_51952,"Cada vez que una app me recomienda qué ver o qué comprar, siento que renuncio un poco más a mi libertad de elección. La relación entre la inteligencia artificial y nuestra autonomía se está volviendo difusa. ¿Hasta qué punto delegamos decisiones importantes sin darnos cuenta?",Cultura de lo efímero y proyectos de vida,negativo,17178,644
132,2024-01-01,user_45470,"Cada vez que una app me recomienda qué ver o qué comprar, siento que renuncio un poco más a mi libertad de elección. Con tanta información, el desafío ya no es aprender, sino filtrar. El exceso de conocimiento puede ser una forma moderna de confusión.",Cultura de lo efímero y proyectos de vida,positivo,11133,2381
133,2023-06-23,user_74536,"La relación entre la inteligencia artificial y nuestra autonomía se está volviendo difusa. ¿Hasta qué punto delegamos decisiones importantes sin darnos cuenta? La cultura actual parece obsesionada con lo nuevo y lo inmediato, dejando poco espacio para la reflexión o el compromiso duradero.",IA y pérdida de autonomía humana,neutral,8159,2483
140,2023-06-14,user_27852,"Los algoritmos parecen conocer mis gustos mejor que yo mismo. Es inquietante pensar si realmente sigo mis propias decisiones o si son las plataformas quienes moldean mi comportamiento. Con tanta información, el desafío ya no es aprender, sino filtrar. El exceso de conocimiento puede ser una forma moderna de confusión.",IA y pérdida de autonomía humana,negativo,3319,4473
144,2023-10-01,user_3985,"La identidad en línea se construye y se desmonta como si fuera un proyecto temporal. Nada parece sólido, ni siquiera la idea de quién somos. ¿Seguimos siendo sujetos libres si los algoritmos determinan qué contenido vemos y qué contenido nunca nos aparece?",Cultura de lo efímero y proyectos de vida,neutral,1035,670
145,2023-05-01,user_48902,"A veces siento que la presión de mostrar una vida perfecta en redes sociales nos roba la oportunidad de ser auténticos. La Generación Z vive entre expectativas irreales y una búsqueda constante de validación. Muchos jóvenes tienen una sensación de vacío difícil de explicar. Vivimos en un mundo hiperconectado, pero paradójicamente, cada día nos sentimos más solos.",Generación Z y crisis de sentido,neutral,7611,516
149,2024-04-24,user_74449,"A veces siento que la presión de mostrar una vida perfecta en redes sociales nos roba la oportunidad de ser auténticos. La Generación Z vive entre expectativas irreales y una búsqueda constante de validación. La Generación Z enfrenta un dilema existencial: querer cambiar el mundo, pero estar atrapada en dinámicas de inmediatez y consumo constante.",Cultura de lo efímero y proyectos de vida,negativo,7339,2269
151,2022-11-13,user_43060,"La Generación Z ha heredado un mundo acelerado, caótico y saturado. Buscar sentido en medio de ese ruido es un acto filosófico profundo. Muchos jóvenes tienen una sensación de vacío difícil de explicar. Vivimos en un mundo hiperconectado, pero paradójicamente, cada día nos sentimos más solos.",Cultura de lo efímero y proyectos de vida,neutral,6398,2607
152,2022-03-11,user_70514,La relación entre la inteligencia artificial y nuestra autonomía se está volviendo difusa. ¿Hasta qué punto delegamos decisiones importantes sin darnos cuenta? ¿Seguimos siendo sujetos libres si los algoritmos determinan qué contenido vemos y qué contenido nunca nos aparece?,Generación Z y crisis de sentido,negativo,3568,4046
154,2022-06-27,user_85626,"Todo se mueve tan rápido que incluso los recuerdos parecen caducar. La cultura de lo efímero borra cualquier intento de construir algo que perdure. La cultura actual parece obsesionada con lo nuevo y lo inmediato, dejando poco espacio para la reflexión o el compromiso duradero.",Cultura de lo efímero y proyectos de vida,positivo,16602,1997
155,2022-12-22,user_79981,Los algoritmos parecen conocer mis gustos mejor que yo mismo. Es inquietante pensar si realmente sigo mis propias decisiones o si son las plataformas quienes moldean mi comportamiento. Los vínculos afectivos hoy son más frágiles que nunca. La inmediatez también afecta las relaciones humanas.,Generación Z y crisis de sentido,neutral,2078,3031
157,2022-11-03,user_50614,El ruido constante de las redes sociales hace difícil encontrar silencio interior. ¿Cómo pensar profundamente en medio de tantas distracciones? Todo se mueve tan rápido que incluso los recuerdos parecen caducar. La cultura de lo efímero borra cualquier intento de construir algo que perdure.,Generación Z y crisis de sentido,neutral,9610,1096
162,2022-08-06,user_17543,"Muchos jóvenes tienen una sensación de vacío difícil de explicar. Vivimos en un mundo hiperconectado, pero paradójicamente, cada día nos sentimos más solos. La identidad en línea se construye y se desmonta como si fuera un proyecto temporal. Nada parece sólido, ni siquiera la idea de quién somos.",IA y pérdida de autonomía humana,positivo,14853,4038
164,2023-05-20,user_85103,"A veces siento que la presión de mostrar una vida perfecta en redes sociales nos roba la oportunidad de ser auténticos. La Generación Z vive entre expectativas irreales y una búsqueda constante de validación. Muchos jóvenes sienten que el futuro es incierto, no por falta de oportunidades, sino por exceso de opciones que terminan paralizando.",IA y pérdida de autonomía humana,negativo,14686,2427
171,2022-12-29,user_93400,Todo se mueve tan rápido que incluso los recuerdos parecen caducar. La cultura de lo efímero borra cualquier intento de construir algo que perdure. Los algoritmos parecen conocer mis gustos mejor que yo mismo. Es inquietante pensar si realmente sigo mis propias decisiones o si son las plataformas quienes moldean mi comportamiento.,IA y pérdida de autonomía humana,negativo,707,2154
181,2022-10-23,user_87129,La relación entre la inteligencia artificial y nuestra autonomía se está volviendo difusa. ¿Hasta qué punto delegamos decisiones importantes sin darnos cuenta? No sé si la tecnología nos está liberando del esfuerzo o si nos está convirtiendo en espectadores pasivos de nuestra propia vida.,Cultura de lo efímero y proyectos de vida,neutral,10866,4965
189,2023-10-26,user_31288,¿Seguimos siendo sujetos libres si los algoritmos determinan qué contenido vemos y qué contenido nunca nos aparece? Los algoritmos parecen conocer mis gustos mejor que yo mismo. Es inquietante pensar si realmente sigo mis propias decisiones o si son las plataformas quienes moldean mi comportamiento.,Cultura de lo efímero y proyectos de vida,negativo,8730,4969
198,2022-11-18,user_33461,El ruido constante de las redes sociales hace difícil encontrar silencio interior. ¿Cómo pensar profundamente en medio de tantas distracciones? La IA puede predecir nuestras emociones con una precisión inquietante. ¿Qué queda entonces de nuestra espontaneidad?,Cultura de lo efímero y proyectos de vida,negativo,5937,4102
199,2022-07-14,user_82529,A veces siento que la presión de mostrar una vida perfecta en redes sociales nos roba la oportunidad de ser auténticos. La Generación Z vive entre expectativas irreales y una búsqueda constante de validación. La relación entre la inteligencia artificial y nuestra autonomía se está volviendo difusa. ¿Hasta qué punto delegamos decisiones importantes sin darnos cuenta?,Cultura de lo efímero y proyectos de vida,positivo,13078,4810
205,2023-10-31,user_9007,A veces siento que la presión de mostrar una vida perfecta en redes sociales nos roba la oportunidad de ser auténticos. La Generación Z vive entre expectativas irreales y una búsqueda constante de validación. La presión por ser productivo todo el tiempo está quemando a una generación entera. No todo en la vida debe ser rendimiento.,IA y pérdida de autonomía humana,negativo,2784,4949
210,2022-05-28,user_34718,La presión por ser productivo todo el tiempo está quemando a una generación entera. No todo en la vida debe ser rendimiento. No sé si la tecnología nos está liberando del esfuerzo o si nos está convirtiendo en espectadores pasivos de nuestra propia vida.,Cultura de lo efímero y proyectos de vida,negativo,11636,849
212,2023-10-04,user_39576,"Muchos jóvenes tienen una sensación de vacío difícil de explicar. Vivimos en un mundo hiperconectado, pero paradójicamente, cada día nos sentimos más solos. La Generación Z ha heredado un mundo acelerado, caótico y saturado. Buscar sentido en medio de ese ruido es un acto filosófico profundo.",Cultura de lo efímero y proyectos de vida,positivo,8016,3175
216,2024-02-18,user_77945,Antes los proyectos de vida eran a largo plazo; hoy parece que nuestra identidad cambia tan rápido como las tendencias en TikTok. La relación entre la inteligencia artificial y nuestra autonomía se está volviendo difusa. ¿Hasta qué punto delegamos decisiones importantes sin darnos cuenta?,Generación Z y crisis de sentido,positivo,12098,1704
217,2023-01-17,user_57004,Todo se mueve tan rápido que incluso los recuerdos parecen caducar. La cultura de lo efímero borra cualquier intento de construir algo que perdure. A veces siento que la presión de mostrar una vida perfecta en redes sociales nos roba la oportunidad de ser auténticos. La Generación Z vive entre expectativas irreales y una búsqueda constante de validación.,IA y pérdida de autonomía humana,positivo,8082,4731
225,2022-01-22,user_63789,Los vínculos afectivos hoy son más frágiles que nunca. La inmediatez también afecta las relaciones humanas. Estamos tan acostumbrados a la recompensa instantánea que cualquier proyecto que requiera paciencia nos parece imposible.,Cultura de lo efímero y proyectos de vida,positivo,10015,11
231,2023-01-12,user_31711,¿Seguimos siendo sujetos libres si los algoritmos determinan qué contenido vemos y qué contenido nunca nos aparece? A veces siento que la presión de mostrar una vida perfecta en redes sociales nos roba la oportunidad de ser auténticos. La Generación Z vive entre expectativas irreales y una búsqueda constante de validación.,Generación Z y crisis de sentido,negativo,6448,3400
232,2022-07-28,user_72266,"No sé si la tecnología nos está liberando del esfuerzo o si nos está convirtiendo en espectadores pasivos de nuestra propia vida. Cada vez que una app me recomienda qué ver o qué comprar, siento que renuncio un poco más a mi libertad de elección.",Cultura de lo efímero y proyectos de vida,negativo,1642,3995
240,2023-04-12,user_45800,Los vínculos afectivos hoy son más frágiles que nunca. La inmediatez también afecta las relaciones humanas. La relación entre la inteligencia artificial y nuestra autonomía se está volviendo difusa. ¿Hasta qué punto delegamos decisiones importantes sin darnos cuenta?,IA y pérdida de autonomía humana,positivo,12987,3145
242,2022-04-13,user_78762,"La Generación Z enfrenta un dilema existencial: querer cambiar el mundo, pero estar atrapada en dinámicas de inmediatez y consumo constante. La presión por ser productivo todo el tiempo está quemando a una generación entera. No todo en la vida debe ser rendimiento.",IA y pérdida de autonomía humana,negativo,11679,2770
243,2023-03-12,user_58606,La relación entre la inteligencia artificial y nuestra autonomía se está volviendo difusa. ¿Hasta qué punto delegamos decisiones importantes sin darnos cuenta? La presión por ser productivo todo el tiempo está quemando a una generación entera. No todo en la vida debe ser rendimiento.,IA y pérdida de autonomía humana,positivo,4070,2776
250,2022-09-22,user_15795,"Estamos tan acostumbrados a la recompensa instantánea que cualquier proyecto que requiera paciencia nos parece imposible. La Generación Z enfrenta un dilema existencial: querer cambiar el mundo, pero estar atrapada en dinámicas de inmediatez y consumo constante.",IA y pérdida de autonomía humana,positivo,17453,1832
252,2023-02-23,user_17436,"Antes los proyectos de vida eran a largo plazo; hoy parece que nuestra identidad cambia tan rápido como las tendencias en TikTok. La Generación Z ha heredado un mundo acelerado, caótico y saturado. Buscar sentido en medio de ese ruido es un acto filosófico profundo.",IA y pérdida de autonomía humana,neutral,13675,3289
267,2024-05-10,user_72113,Estamos tan acostumbrados a la recompensa instantánea que cualquier proyecto que requiera paciencia nos parece imposible. La IA puede predecir nuestras emociones con una precisión inquietante. ¿Qué queda entonces de nuestra espontaneidad?,Generación Z y crisis de sentido,neutral,10492,3578
269,2024-03-27,user_15082,"Muchos jóvenes tienen una sensación de vacío difícil de explicar. Vivimos en un mundo hiperconectado, pero paradójicamente, cada día nos sentimos más solos. La Generación Z enfrenta un dilema existencial: querer cambiar el mundo, pero estar atrapada en dinámicas de inmediatez y consumo constante.",IA y pérdida de autonomía humana,negativo,9752,2281
281,2023-06-15,user_2652,"La IA puede predecir nuestras emociones con una precisión inquietante. ¿Qué queda entonces de nuestra espontaneidad? Muchos jóvenes tienen una sensación de vacío difícil de explicar. Vivimos en un mundo hiperconectado, pero paradójicamente, cada día nos sentimos más solos.",IA y pérdida de autonomía humana,neutral,6773,1772
282,2024-01-03,user_252,"La presión por ser productivo todo el tiempo está quemando a una generación entera. No todo en la vida debe ser rendimiento. La identidad en línea se construye y se desmonta como si fuera un proyecto temporal. Nada parece sólido, ni siquiera la idea de quién somos.",IA y pérdida de autonomía humana,negativo,6456,4225
289,2024-06-15,user_52278,"Cada vez que una app me recomienda qué ver o qué comprar, siento que renuncio un poco más a mi libertad de elección. Todo se mueve tan rápido que incluso los recuerdos parecen caducar. La cultura de lo efímero borra cualquier intento de construir algo que perdure.",Cultura de lo efímero y proyectos de vida,negativo,16466,4787
313,2023-10-01,user_61193,"Cada vez que una app me recomienda qué ver o qué comprar, siento que renuncio un poco más a mi libertad de elección. La presión por ser productivo todo el tiempo está quemando a una generación entera. No todo en la vida debe ser rendimiento.",Cultura de lo efímero y proyectos de vida,neutral,3373,3433
326,2022-02-26,user_58964,Los algoritmos parecen conocer mis gustos mejor que yo mismo. Es inquietante pensar si realmente sigo mis propias decisiones o si son las plataformas quienes moldean mi comportamiento. No sé si la tecnología nos está liberando del esfuerzo o si nos está convirtiendo en espectadores pasivos de nuestra propia vida.,Generación Z y crisis de sentido,positivo,2249,1310
329,2023-08-02,user_6549,"La presión por ser productivo todo el tiempo está quemando a una generación entera. No todo en la vida debe ser rendimiento. La Generación Z enfrenta un dilema existencial: querer cambiar el mundo, pero estar atrapada en dinámicas de inmediatez y consumo constante.",Generación Z y crisis de sentido,positivo,2570,4201
330,2022-07-17,user_45879,"Muchos jóvenes sienten que el futuro es incierto, no por falta de oportunidades, sino por exceso de opciones que terminan paralizando. El ruido constante de las redes sociales hace difícil encontrar silencio interior. ¿Cómo pensar profundamente en medio de tantas distracciones?",Generación Z y crisis de sentido,negativo,17498,3177
341,2023-02-09,user_16356,"Antes los proyectos de vida eran a largo plazo; hoy parece que nuestra identidad cambia tan rápido como las tendencias en TikTok. La identidad en línea se construye y se desmonta como si fuera un proyecto temporal. Nada parece sólido, ni siquiera la idea de quién somos.",Generación Z y crisis de sentido,neutral,4,3575
343,2024-05-06,user_79126,La IA puede predecir nuestras emociones con una precisión inquietante. ¿Qué queda entonces de nuestra espontaneidad? La relación entre la inteligencia artificial y nuestra autonomía se está volviendo difusa. ¿Hasta qué punto delegamos decisiones importantes sin darnos cuenta?,IA y pérdida de autonomía humana,neutral,7547,4485
345,2023-02-21,user_77107,La presión por ser productivo todo el tiempo está quemando a una generación entera. No todo en la vida debe ser rendimiento. Antes los proyectos de vida eran a largo plazo; hoy parece que nuestra identidad cambia tan rápido como las tendencias en TikTok.,Cultura de lo efímero y proyectos de vida,positivo,14139,3803
350,2023-09-02,user_40315,"Con tanta información, el desafío ya no es aprender, sino filtrar. El exceso de conocimiento puede ser una forma moderna de confusión. Estamos tan acostumbrados a la recompensa instantánea que cualquier proyecto que requiera paciencia nos parece imposible.",Cultura de lo efímero y proyectos de vida,positivo,11386,4263
355,2023-01-10,user_97142,Todo se mueve tan rápido que incluso los recuerdos parecen caducar. La cultura de lo efímero borra cualquier intento de construir algo que perdure. Los vínculos afectivos hoy son más frágiles que nunca. La inmediatez también afecta las relaciones humanas.,Generación Z y crisis de sentido,positivo,19908,2457
365,2023-01-09,user_22116,"El ruido constante de las redes sociales hace difícil encontrar silencio interior. ¿Cómo pensar profundamente en medio de tantas distracciones? La Generación Z enfrenta un dilema existencial: querer cambiar el mundo, pero estar atrapada en dinámicas de inmediatez y consumo constante.",Generación Z y crisis de sentido,positivo,7444,3577
371,2022-10-02,user_73456,"Muchos jóvenes sienten que el futuro es incierto, no por falta de oportunidades, sino por exceso de opciones que terminan paralizando. La Generación Z ha heredado un mundo acelerado, caótico y saturado. Buscar sentido en medio de ese ruido es un acto filosófico profundo.",IA y pérdida de autonomía humana,negativo,3155,4876
383,2022-10-20,user_66521,Todo se mueve tan rápido que incluso los recuerdos parecen caducar. La cultura de lo efímero borra cualquier intento de construir algo que perdure. La relación entre la inteligencia artificial y nuestra autonomía se está volviendo difusa. ¿Hasta qué punto delegamos decisiones importantes sin darnos cuenta?,IA y pérdida de autonomía humana,positivo,8529,3344
390,2024-06-13,user_94605,Los vínculos afectivos hoy son más frágiles que nunca. La inmediatez también afecta las relaciones humanas. La presión por ser productivo todo el tiempo está quemando a una generación entera. No todo en la vida debe ser rendimiento.,IA y pérdida de autonomía humana,negativo,6819,3928
393,2022-08-27,user_464,"Estamos tan acostumbrados a la recompensa instantánea que cualquier proyecto que requiera paciencia nos parece imposible. La cultura actual parece obsesionada con lo nuevo y lo inmediato, dejando poco espacio para la reflexión o el compromiso duradero.",Generación Z y crisis de sentido,neutral,6859,3937
408,2024-03-26,user_38733,"Estamos tan acostumbrados a la recompensa instantánea que cualquier proyecto que requiera paciencia nos parece imposible. Cada vez que una app me recomienda qué ver o qué comprar, siento que renuncio un poco más a mi libertad de elección.",Cultura de lo efímero y proyectos de vida,negativo,3533,734
409,2024-04-01,user_45972,"La Generación Z ha heredado un mundo acelerado, caótico y saturado. Buscar sentido en medio de ese ruido es un acto filosófico profundo. Los vínculos afectivos hoy son más frágiles que nunca. La inmediatez también afecta las relaciones humanas.",Cultura de lo efímero y proyectos de vida,negativo,3310,2464
412,2022-02-02,user_24114,La relación entre la inteligencia artificial y nuestra autonomía se está volviendo difusa. ¿Hasta qué punto delegamos decisiones importantes sin darnos cuenta? Antes los proyectos de vida eran a largo plazo; hoy parece que nuestra identidad cambia tan rápido como las tendencias en TikTok.,Cultura de lo efímero y proyectos de vida,positivo,13515,599
425,2022-04-28,user_17560,A veces siento que la presión de mostrar una vida perfecta en redes sociales nos roba la oportunidad de ser auténticos. La Generación Z vive entre expectativas irreales y una búsqueda constante de validación. Los algoritmos parecen conocer mis gustos mejor que yo mismo. Es inquietante pensar si realmente sigo mis propias decisiones o si son las plataformas quienes moldean mi comportamiento.,Generación Z y crisis de sentido,negativo,7705,4440
429,2022-10-09,user_94142,"Cada vez que una app me recomienda qué ver o qué comprar, siento que renuncio un poco más a mi libertad de elección. La IA puede predecir nuestras emociones con una precisión inquietante. ¿Qué queda entonces de nuestra espontaneidad?",Generación Z y crisis de sentido,positivo,16389,1010
432,2022-10-26,user_77187,¿Seguimos siendo sujetos libres si los algoritmos determinan qué contenido vemos y qué contenido nunca nos aparece? La presión por ser productivo todo el tiempo está quemando a una generación entera. No todo en la vida debe ser rendimiento.,Cultura de lo efímero y proyectos de vida,positivo,233,2578
435,2023-06-18,user_95863,Estamos tan acostumbrados a la recompensa instantánea que cualquier proyecto que requiera paciencia nos parece imposible. No sé si la tecnología nos está liberando del esfuerzo o si nos está convirtiendo en espectadores pasivos de nuestra propia vida.,Cultura de lo efímero y proyectos de vida,positivo,7394,4878
436,2023-10-03,user_92969,"No sé si la tecnología nos está liberando del esfuerzo o si nos está convirtiendo en espectadores pasivos de nuestra propia vida. Con tanta información, el desafío ya no es aprender, sino filtrar. El exceso de conocimiento puede ser una forma moderna de confusión.",IA y pérdida de autonomía humana,negativo,19293,4812
437,2023-06-11,user_7822,"¿Seguimos siendo sujetos libres si los algoritmos determinan qué contenido vemos y qué contenido nunca nos aparece? Cada vez que una app me recomienda qué ver o qué comprar, siento que renuncio un poco más a mi libertad de elección.",IA y pérdida de autonomía humana,negativo,5652,3244
438,2023-03-31,user_87223,"¿Seguimos siendo sujetos libres si los algoritmos determinan qué contenido vemos y qué contenido nunca nos aparece? La Generación Z enfrenta un dilema existencial: querer cambiar el mundo, pero estar atrapada en dinámicas de inmediatez y consumo constante.",Cultura de lo efímero y proyectos de vida,positivo,7228,4865
441,2023-04-29,user_92074,La relación entre la inteligencia artificial y nuestra autonomía se está volviendo difusa. ¿Hasta qué punto delegamos decisiones importantes sin darnos cuenta? La IA puede predecir nuestras emociones con una precisión inquietante. ¿Qué queda entonces de nuestra espontaneidad?,IA y pérdida de autonomía humana,positivo,7454,217
443,2023-05-25,user_79326,"Con tanta información, el desafío ya no es aprender, sino filtrar. El exceso de conocimiento puede ser una forma moderna de confusión. La Generación Z ha heredado un mundo acelerado, caótico y saturado. Buscar sentido en medio de ese ruido es un acto filosófico profundo.",IA y pérdida de autonomía humana,positivo,6223,3806
445,2024-05-14,user_93700,"Cada vez que una app me recomienda qué ver o qué comprar, siento que renuncio un poco más a mi libertad de elección. No sé si la tecnología nos está liberando del esfuerzo o si nos está convirtiendo en espectadores pasivos de nuestra propia vida.",Generación Z y crisis de sentido,negativo,13392,596
452,2022-10-24,user_5401,No sé si la tecnología nos está liberando del esfuerzo o si nos está convirtiendo en espectadores pasivos de nuestra propia vida. ¿Seguimos siendo sujetos libres si los algoritmos determinan qué contenido vemos y qué contenido nunca nos aparece?,Generación Z y crisis de sentido,negativo,9535,1358
453,2024-01-26,user_7387,"La Generación Z enfrenta un dilema existencial: querer cambiar el mundo, pero estar atrapada en dinámicas de inmediatez y consumo constante. Los vínculos afectivos hoy son más frágiles que nunca. La inmediatez también afecta las relaciones humanas.",IA y pérdida de autonomía humana,neutral,3209,2348
458,2022-03-07,user_18585,Los vínculos afectivos hoy son más frágiles que nunca. La inmediatez también afecta las relaciones humanas. No sé si la tecnología nos está liberando del esfuerzo o si nos está convirtiendo en espectadores pasivos de nuestra propia vida.,IA y pérdida de autonomía humana,negativo,4747,720
460,2024-03-18,user_8130,"¿Seguimos siendo sujetos libres si los algoritmos determinan qué contenido vemos y qué contenido nunca nos aparece? La identidad en línea se construye y se desmonta como si fuera un proyecto temporal. Nada parece sólido, ni siquiera la idea de quién somos.",Cultura de lo efímero y proyectos de vida,negativo,2821,2086
474,2022-06-12,user_93137,"Muchos jóvenes sienten que el futuro es incierto, no por falta de oportunidades, sino por exceso de opciones que terminan paralizando. No sé si la tecnología nos está liberando del esfuerzo o si nos está convirtiendo en espectadores pasivos de nuestra propia vida.",Generación Z y crisis de sentido,positivo,33,4066
483,2023-01-14,user_4495,"La Generación Z ha heredado un mundo acelerado, caótico y saturado. Buscar sentido en medio de ese ruido es un acto filosófico profundo. Muchos jóvenes sienten que el futuro es incierto, no por falta de oportunidades, sino por exceso de opciones que terminan paralizando.",Cultura de lo efímero y proyectos de vida,neutral,4441,3019
485,2024-06-19,user_40715,El ruido constante de las redes sociales hace difícil encontrar silencio interior. ¿Cómo pensar profundamente en medio de tantas distracciones? A veces siento que la presión de mostrar una vida perfecta en redes sociales nos roba la oportunidad de ser auténticos. La Generación Z vive entre expectativas irreales y una búsqueda constante de validación.,IA y pérdida de autonomía humana,neutral,18760,1497
486,2023-10-23,user_22909,"La Generación Z enfrenta un dilema existencial: querer cambiar el mundo, pero estar atrapada en dinámicas de inmediatez y consumo constante. Cada vez que una app me recomienda qué ver o qué comprar, siento que renuncio un poco más a mi libertad de elección.",IA y pérdida de autonomía humana,negativo,2547,1368
500,2022-10-07,user_66533,"La cultura actual parece obsesionada con lo nuevo y lo inmediato, dejando poco espacio para la reflexión o el compromiso duradero. Estamos tan acostumbrados a la recompensa instantánea que cualquier proyecto que requiera paciencia nos parece imposible.",Generación Z y crisis de sentido,neutral,17856,4898
503,2022-11-19,user_98856,"Cada vez que una app me recomienda qué ver o qué comprar, siento que renuncio un poco más a mi libertad de elección. El ruido constante de las redes sociales hace difícil encontrar silencio interior. ¿Cómo pensar profundamente en medio de tantas distracciones?",Cultura de lo efímero y proyectos de vida,positivo,8808,4444
516,2022-04-05,user_84973,El ruido constante de las redes sociales hace difícil encontrar silencio interior. ¿Cómo pensar profundamente en medio de tantas distracciones? No sé si la tecnología nos está liberando del esfuerzo o si nos está convirtiendo en espectadores pasivos de nuestra propia vida.,Generación Z y crisis de sentido,positivo,14629,2339
520,2022-03-25,user_46902,"Con tanta información, el desafío ya no es aprender, sino filtrar. El exceso de conocimiento puede ser una forma moderna de confusión. Antes los proyectos de vida eran a largo plazo; hoy parece que nuestra identidad cambia tan rápido como las tendencias en TikTok.",Generación Z y crisis de sentido,neutral,4028,4796
528,2023-04-02,user_46422,"La Generación Z ha heredado un mundo acelerado, caótico y saturado. Buscar sentido en medio de ese ruido es un acto filosófico profundo. La cultura actual parece obsesionada con lo nuevo y lo inmediato, dejando poco espacio para la reflexión o el compromiso duradero.",Cultura de lo efímero y proyectos de vida,neutral,18531,4856
533,2022-02-23,user_52727,La presión por ser productivo todo el tiempo está quemando a una generación entera. No todo en la vida debe ser rendimiento. ¿Seguimos siendo sujetos libres si los algoritmos determinan qué contenido vemos y qué contenido nunca nos aparece?,Generación Z y crisis de sentido,positivo,13882,314
546,2023-11-16,user_84923,"Los algoritmos parecen conocer mis gustos mejor que yo mismo. Es inquietante pensar si realmente sigo mis propias decisiones o si son las plataformas quienes moldean mi comportamiento. La cultura actual parece obsesionada con lo nuevo y lo inmediato, dejando poco espacio para la reflexión o el compromiso duradero.",Cultura de lo efímero y proyectos de vida,neutral,19223,1536
548,2023-09-09,user_51407,"La Generación Z enfrenta un dilema existencial: querer cambiar el mundo, pero estar atrapada en dinámicas de inmediatez y consumo constante. Todo se mueve tan rápido que incluso los recuerdos parecen caducar. La cultura de lo efímero borra cualquier intento de construir algo que perdure.",Generación Z y crisis de sentido,positivo,18422,3549
549,2022-10-02,user_45123,La relación entre la inteligencia artificial y nuestra autonomía se está volviendo difusa. ¿Hasta qué punto delegamos decisiones importantes sin darnos cuenta? Estamos tan acostumbrados a la recompensa instantánea que cualquier proyecto que requiera paciencia nos parece imposible.,Cultura de lo efímero y proyectos de vida,negativo,5427,26
554,2022-08-28,user_38304,Estamos tan acostumbrados a la recompensa instantánea que cualquier proyecto que requiera paciencia nos parece imposible. ¿Seguimos siendo sujetos libres si los algoritmos determinan qué contenido vemos y qué contenido nunca nos aparece?,Generación Z y crisis de sentido,positivo,14492,4570
556,2022-09-06,user_17981,¿Seguimos siendo sujetos libres si los algoritmos determinan qué contenido vemos y qué contenido nunca nos aparece? Antes los proyectos de vida eran a largo plazo; hoy parece que nuestra identidad cambia tan rápido como las tendencias en TikTok.,Cultura de lo efímero y proyectos de vida,neutral,18303,2257
563,2024-02-15,user_41622,"La identidad en línea se construye y se desmonta como si fuera un proyecto temporal. Nada parece sólido, ni siquiera la idea de quién somos. La Generación Z enfrenta un dilema existencial: querer cambiar el mundo, pero estar atrapada en dinámicas de inmediatez y consumo constante.",Generación Z y crisis de sentido,negativo,8016,1166
577,2024-03-23,user_63460,"Cada vez que una app me recomienda qué ver o qué comprar, siento que renuncio un poco más a mi libertad de elección. Muchos jóvenes tienen una sensación de vacío difícil de explicar. Vivimos en un mundo hiperconectado, pero paradójicamente, cada día nos sentimos más solos.",Generación Z y crisis de sentido,positivo,11154,2638
578,2023-07-20,user_13875,"Todo se mueve tan rápido que incluso los recuerdos parecen caducar. La cultura de lo efímero borra cualquier intento de construir algo que perdure. Cada vez que una app me recomienda qué ver o qué comprar, siento que renuncio un poco más a mi libertad de elección.",Generación Z y crisis de sentido,negativo,3679,944
582,2022-12-26,user_77891,Todo se mueve tan rápido que incluso los recuerdos parecen caducar. La cultura de lo efímero borra cualquier intento de construir algo que perdure. No sé si la tecnología nos está liberando del esfuerzo o si nos está convirtiendo en espectadores pasivos de nuestra propia vida.,Generación Z y crisis de sentido,neutral,11384,2149
587,2023-12-27,user_15718,"La relación entre la inteligencia artificial y nuestra autonomía se está volviendo difusa. ¿Hasta qué punto delegamos decisiones importantes sin darnos cuenta? Muchos jóvenes tienen una sensación de vacío difícil de explicar. Vivimos en un mundo hiperconectado, pero paradójicamente, cada día nos sentimos más solos.",Cultura de lo efímero y proyectos de vida,neutral,10710,1366
590,2024-01-18,user_44241,¿Seguimos siendo sujetos libres si los algoritmos determinan qué contenido vemos y qué contenido nunca nos aparece? El ruido constante de las redes sociales hace difícil encontrar silencio interior. ¿Cómo pensar profundamente en medio de tantas distracciones?,Generación Z y crisis de sentido,negativo,11295,3223
591,2022-02-03,user_62815,"Cada vez que una app me recomienda qué ver o qué comprar, siento que renuncio un poco más a mi libertad de elección. Antes los proyectos de vida eran a largo plazo; hoy parece que nuestra identidad cambia tan rápido como las tendencias en TikTok.",Cultura de lo efímero y proyectos de vida,positivo,9647,3432
610,2023-01-31,user_69602,"Con tanta información, el desafío ya no es aprender, sino filtrar. El exceso de conocimiento puede ser una forma moderna de confusión. La relación entre la inteligencia artificial y nuestra autonomía se está volviendo difusa. ¿Hasta qué punto delegamos decisiones importantes sin darnos cuenta?",IA y pérdida de autonomía humana,negativo,6502,3975
611,2024-04-27,user_78484,"La presión por ser productivo todo el tiempo está quemando a una generación entera. No todo en la vida debe ser rendimiento. Muchos jóvenes tienen una sensación de vacío difícil de explicar. Vivimos en un mundo hiperconectado, pero paradójicamente, cada día nos sentimos más solos.",Generación Z y crisis de sentido,negativo,18188,4016
625,2023-11-07,user_9465,"Cada vez que una app me recomienda qué ver o qué comprar, siento que renuncio un poco más a mi libertad de elección. Muchos jóvenes sienten que el futuro es incierto, no por falta de oportunidades, sino por exceso de opciones que terminan paralizando.",IA y pérdida de autonomía humana,positivo,16479,3203
634,2022-01-15,user_45770,"Los algoritmos parecen conocer mis gustos mejor que yo mismo. Es inquietante pensar si realmente sigo mis propias decisiones o si son las plataformas quienes moldean mi comportamiento. Muchos jóvenes sienten que el futuro es incierto, no por falta de oportunidades, sino por exceso de opciones que terminan paralizando.",Cultura de lo efímero y proyectos de vida,positivo,17659,3121
637,2023-12-09,user_33351,"La Generación Z enfrenta un dilema existencial: querer cambiar el mundo, pero estar atrapada en dinámicas de inmediatez y consumo constante. Muchos jóvenes tienen una sensación de vacío difícil de explicar. Vivimos en un mundo hiperconectado, pero paradójicamente, cada día nos sentimos más solos.",Cultura de lo efímero y proyectos de vida,negativo,19006,2563
641,2022-06-08,user_25534,"Muchos jóvenes tienen una sensación de vacío difícil de explicar. Vivimos en un mundo hiperconectado, pero paradójicamente, cada día nos sentimos más solos. Los algoritmos parecen conocer mis gustos mejor que yo mismo. Es inquietante pensar si realmente sigo mis propias decisiones o si son las plataformas quienes moldean mi comportamiento.",IA y pérdida de autonomía humana,positivo,17962,3306
649,2023-08-29,user_55771,Los algoritmos parecen conocer mis gustos mejor que yo mismo. Es inquietante pensar si realmente sigo mis propias decisiones o si son las plataformas quienes moldean mi comportamiento. ¿Seguimos siendo sujetos libres si los algoritmos determinan qué contenido vemos y qué contenido nunca nos aparece?,Generación Z y crisis de sentido,positivo,3243,3637
653,2023-07-04,user_60767,"La Generación Z ha heredado un mundo acelerado, caótico y saturado. Buscar sentido en medio de ese ruido es un acto filosófico profundo. La relación entre la inteligencia artificial y nuestra autonomía se está volviendo difusa. ¿Hasta qué punto delegamos decisiones importantes sin darnos cuenta?",Generación Z y crisis de sentido,positivo,2391,452
659,2023-04-29,user_86946,"A veces siento que la presión de mostrar una vida perfecta en redes sociales nos roba la oportunidad de ser auténticos. La Generación Z vive entre expectativas irreales y una búsqueda constante de validación. La Generación Z ha heredado un mundo acelerado, caótico y saturado. Buscar sentido en medio de ese ruido es un acto filosófico profundo.",Cultura de lo efímero y proyectos de vida,positivo,19621,2541
662,2024-05-04,user_35950,"La Generación Z enfrenta un dilema existencial: querer cambiar el mundo, pero estar atrapada en dinámicas de inmediatez y consumo constante. Antes los proyectos de vida eran a largo plazo; hoy parece que nuestra identidad cambia tan rápido como las tendencias en TikTok.",Generación Z y crisis de sentido,neutral,9287,3537
665,2024-02-11,user_56609,"Estamos tan acostumbrados a la recompensa instantánea que cualquier proyecto que requiera paciencia nos parece imposible. La Generación Z ha heredado un mundo acelerado, caótico y saturado. Buscar sentido en medio de ese ruido es un acto filosófico profundo.",Cultura de lo efímero y proyectos de vida,positivo,15545,2526
671,2024-01-13,user_31119,"La relación entre la inteligencia artificial y nuestra autonomía se está volviendo difusa. ¿Hasta qué punto delegamos decisiones importantes sin darnos cuenta? La Generación Z ha heredado un mundo acelerado, caótico y saturado. Buscar sentido en medio de ese ruido es un acto filosófico profundo.",Generación Z y crisis de sentido,neutral,17072,2534
674,2022-12-22,user_6930,No sé si la tecnología nos está liberando del esfuerzo o si nos está convirtiendo en espectadores pasivos de nuestra propia vida. La presión por ser productivo todo el tiempo está quemando a una generación entera. No todo en la vida debe ser rendimiento.,Generación Z y crisis de sentido,neutral,15945,4235
681,2023-06-13,user_58182,"Los vínculos afectivos hoy son más frágiles que nunca. La inmediatez también afecta las relaciones humanas. La Generación Z ha heredado un mundo acelerado, caótico y saturado. Buscar sentido en medio de ese ruido es un acto filosófico profundo.",IA y pérdida de autonomía humana,negativo,13452,3589
682,2023-11-24,user_61800,"Muchos jóvenes tienen una sensación de vacío difícil de explicar. Vivimos en un mundo hiperconectado, pero paradójicamente, cada día nos sentimos más solos. Antes los proyectos de vida eran a largo plazo; hoy parece que nuestra identidad cambia tan rápido como las tendencias en TikTok.",Cultura de lo efímero y proyectos de vida,positivo,4925,3228
694,2023-11-03,user_4704,"La cultura actual parece obsesionada con lo nuevo y lo inmediato, dejando poco espacio para la reflexión o el compromiso duradero. La Generación Z ha heredado un mundo acelerado, caótico y saturado. Buscar sentido en medio de ese ruido es un acto filosófico profundo.",Cultura de lo efímero y proyectos de vida,positivo,15508,1256
695,2023-08-30,user_40094,"La Generación Z ha heredado un mundo acelerado, caótico y saturado. Buscar sentido en medio de ese ruido es un acto filosófico profundo. No sé si la tecnología nos está liberando del esfuerzo o si nos está convirtiendo en espectadores pasivos de nuestra propia vida.",IA y pérdida de autonomía humana,negativo,2144,298
696,2023-04-03,user_78143,"No sé si la tecnología nos está liberando del esfuerzo o si nos está convirtiendo en espectadores pasivos de nuestra propia vida. La Generación Z enfrenta un dilema existencial: querer cambiar el mundo, pero estar atrapada en dinámicas de inmediatez y consumo constante.",Generación Z y crisis de sentido,negativo,588,2674
698,2022-01-11,user_7928,"El ruido constante de las redes sociales hace difícil encontrar silencio interior. ¿Cómo pensar profundamente en medio de tantas distracciones? La identidad en línea se construye y se desmonta como si fuera un proyecto temporal. Nada parece sólido, ni siquiera la idea de quién somos.",IA y pérdida de autonomía humana,negativo,14326,4991
710,2022-10-22,user_94605,"La cultura actual parece obsesionada con lo nuevo y lo inmediato, dejando poco espacio para la reflexión o el compromiso duradero. ¿Seguimos siendo sujetos libres si los algoritmos determinan qué contenido vemos y qué contenido nunca nos aparece?",Cultura de lo efímero y proyectos de vida,positivo,3210,4006
712,2023-07-29,user_83469,"La identidad en línea se construye y se desmonta como si fuera un proyecto temporal. Nada parece sólido, ni siquiera la idea de quién somos. Muchos jóvenes sienten que el futuro es incierto, no por falta de oportunidades, sino por exceso de opciones que terminan paralizando.",Cultura de lo efímero y proyectos de vida,positivo,7909,4094
718,2024-02-28,user_36795,"La Generación Z enfrenta un dilema existencial: querer cambiar el mundo, pero estar atrapada en dinámicas de inmediatez y consumo constante. A veces siento que la presión de mostrar una vida perfecta en redes sociales nos roba la oportunidad de ser auténticos. La Generación Z vive entre expectativas irreales y una búsqueda constante de validación.",IA y pérdida de autonomía humana,positivo,15124,949
719,2022-11-15,user_45058,Los algoritmos parecen conocer mis gustos mejor que yo mismo. Es inquietante pensar si realmente sigo mis propias decisiones o si son las plataformas quienes moldean mi comportamiento. Antes los proyectos de vida eran a largo plazo; hoy parece que nuestra identidad cambia tan rápido como las tendencias en TikTok.,IA y pérdida de autonomía humana,positivo,1776,2867
732,2022-12-22,user_13194,A veces siento que la presión de mostrar una vida perfecta en redes sociales nos roba la oportunidad de ser auténticos. La Generación Z vive entre expectativas irreales y una búsqueda constante de validación. La IA puede predecir nuestras emociones con una precisión inquietante. ¿Qué queda entonces de nuestra espontaneidad?,Generación Z y crisis de sentido,neutral,19447,247
738,2022-11-16,user_2879,"La cultura actual parece obsesionada con lo nuevo y lo inmediato, dejando poco espacio para la reflexión o el compromiso duradero. Cada vez que una app me recomienda qué ver o qué comprar, siento que renuncio un poco más a mi libertad de elección.",Generación Z y crisis de sentido,neutral,13561,1647
740,2022-09-04,user_58465,"La Generación Z enfrenta un dilema existencial: querer cambiar el mundo, pero estar atrapada en dinámicas de inmediatez y consumo constante. Los algoritmos parecen conocer mis gustos mejor que yo mismo. Es inquietante pensar si realmente sigo mis propias decisiones o si son las plataformas quienes moldean mi comportamiento.",Cultura de lo efímero y proyectos de vida,positivo,693,3718
741,2022-01-22,user_95399,"¿Seguimos siendo sujetos libres si los algoritmos determinan qué contenido vemos y qué contenido nunca nos aparece? Con tanta información, el desafío ya no es aprender, sino filtrar. El exceso de conocimiento puede ser una forma moderna de confusión.",Cultura de lo efímero y proyectos de vida,neutral,10786,3614
743,2024-05-05,user_82261,Los algoritmos parecen conocer mis gustos mejor que yo mismo. Es inquietante pensar si realmente sigo mis propias decisiones o si son las plataformas quienes moldean mi comportamiento. La IA puede predecir nuestras emociones con una precisión inquietante. ¿Qué queda entonces de nuestra espontaneidad?,Generación Z y crisis de sentido,negativo,10699,1396
746,2023-03-13,user_91864,"No sé si la tecnología nos está liberando del esfuerzo o si nos está convirtiendo en espectadores pasivos de nuestra propia vida. Muchos jóvenes tienen una sensación de vacío difícil de explicar. Vivimos en un mundo hiperconectado, pero paradójicamente, cada día nos sentimos más solos.",Cultura de lo efímero y proyectos de vida,neutral,554,1294
762,2022-08-17,user_26813,"La cultura actual parece obsesionada con lo nuevo y lo inmediato, dejando poco espacio para la reflexión o el compromiso duradero. El ruido constante de las redes sociales hace difícil encontrar silencio interior. ¿Cómo pensar profundamente en medio de tantas distracciones?",IA y pérdida de autonomía humana,negativo,586,1297
763,2023-12-19,user_38644,"La cultura actual parece obsesionada con lo nuevo y lo inmediato, dejando poco espacio para la reflexión o el compromiso duradero. Muchos jóvenes tienen una sensación de vacío difícil de explicar. Vivimos en un mundo hiperconectado, pero paradójicamente, cada día nos sentimos más solos.",Cultura de lo efímero y proyectos de vida,positivo,17709,3577
773,2022-05-13,user_29568,"Con tanta información, el desafío ya no es aprender, sino filtrar. El exceso de conocimiento puede ser una forma moderna de confusión. La IA puede predecir nuestras emociones con una precisión inquietante. ¿Qué queda entonces de nuestra espontaneidad?",IA y pérdida de autonomía humana,positivo,8853,4134
776,2024-06-14,user_19521,"Los algoritmos parecen conocer mis gustos mejor que yo mismo. Es inquietante pensar si realmente sigo mis propias decisiones o si son las plataformas quienes moldean mi comportamiento. La Generación Z enfrenta un dilema existencial: querer cambiar el mundo, pero estar atrapada en dinámicas de inmediatez y consumo constante.",IA y pérdida de autonomía humana,neutral,18004,2448
791,2023-08-26,user_83141,"Muchos jóvenes sienten que el futuro es incierto, no por falta de oportunidades, sino por exceso de opciones que terminan paralizando. Antes los proyectos de vida eran a largo plazo; hoy parece que nuestra identidad cambia tan rápido como las tendencias en TikTok.",Generación Z y crisis de sentido,neutral,15715,2226
792,2023-02-12,user_1885,"La Generación Z ha heredado un mundo acelerado, caótico y saturado. Buscar sentido en medio de ese ruido es un acto filosófico profundo. Estamos tan acostumbrados a la recompensa instantánea que cualquier proyecto que requiera paciencia nos parece imposible.",Generación Z y crisis de sentido,neutral,8259,3212
811,2023-07-07,user_893,"La Generación Z ha heredado un mundo acelerado, caótico y saturado. Buscar sentido en medio de ese ruido es un acto filosófico profundo. El ruido constante de las redes sociales hace difícil encontrar silencio interior. ¿Cómo pensar profundamente en medio de tantas distracciones?",Cultura de lo efímero y proyectos de vida,positivo,1318,2538
813,2023-10-21,user_34915,El ruido constante de las redes sociales hace difícil encontrar silencio interior. ¿Cómo pensar profundamente en medio de tantas distracciones? ¿Seguimos siendo sujetos libres si los algoritmos determinan qué contenido vemos y qué contenido nunca nos aparece?,IA y pérdida de autonomía humana,neutral,19077,2449
855,2023-10-30,user_87198,El ruido constante de las redes sociales hace difícil encontrar silencio interior. ¿Cómo pensar profundamente en medio de tantas distracciones? Los vínculos afectivos hoy son más frágiles que nunca. La inmediatez también afecta las relaciones humanas.,Generación Z y crisis de sentido,negativo,13870,1759
862,2024-03-15,user_96149,"La cultura actual parece obsesionada con lo nuevo y lo inmediato, dejando poco espacio para la reflexión o el compromiso duradero. La identidad en línea se construye y se desmonta como si fuera un proyecto temporal. Nada parece sólido, ni siquiera la idea de quién somos.",Generación Z y crisis de sentido,neutral,15969,2042
871,2023-07-10,user_64283,"Todo se mueve tan rápido que incluso los recuerdos parecen caducar. La cultura de lo efímero borra cualquier intento de construir algo que perdure. Muchos jóvenes sienten que el futuro es incierto, no por falta de oportunidades, sino por exceso de opciones que terminan paralizando.",Cultura de lo efímero y proyectos de vida,neutral,6607,4132
876,2023-06-16,user_48978,"Con tanta información, el desafío ya no es aprender, sino filtrar. El exceso de conocimiento puede ser una forma moderna de confusión. Cada vez que una app me recomienda qué ver o qué comprar, siento que renuncio un poco más a mi libertad de elección.",Generación Z y crisis de sentido,negativo,16405,2808
884,2022-12-06,user_35705,Estamos tan acostumbrados a la recompensa instantánea que cualquier proyecto que requiera paciencia nos parece imposible. Los algoritmos parecen conocer mis gustos mejor que yo mismo. Es inquietante pensar si realmente sigo mis propias decisiones o si son las plataformas quienes moldean mi comportamiento.,IA y pérdida de autonomía humana,neutral,1211,1165
890,2022-05-22,user_69611,"Muchos jóvenes tienen una sensación de vacío difícil de explicar. Vivimos en un mundo hiperconectado, pero paradójicamente, cada día nos sentimos más solos. No sé si la tecnología nos está liberando del esfuerzo o si nos está convirtiendo en espectadores pasivos de nuestra propia vida.",Generación Z y crisis de sentido,positivo,8606,2757
900,2023-06-28,user_38302,"La identidad en línea se construye y se desmonta como si fuera un proyecto temporal. Nada parece sólido, ni siquiera la idea de quién somos. La Generación Z ha heredado un mundo acelerado, caótico y saturado. Buscar sentido en medio de ese ruido es un acto filosófico profundo.",IA y pérdida de autonomía humana,positivo,7666,1709
906,2024-03-26,user_60643,"La Generación Z enfrenta un dilema existencial: querer cambiar el mundo, pero estar atrapada en dinámicas de inmediatez y consumo constante. Estamos tan acostumbrados a la recompensa instantánea que cualquier proyecto que requiera paciencia nos parece imposible.",Generación Z y crisis de sentido,negativo,18614,2972
923,2024-03-02,user_91092,"Todo se mueve tan rápido que incluso los recuerdos parecen caducar. La cultura de lo efímero borra cualquier intento de construir algo que perdure. Con tanta información, el desafío ya no es aprender, sino filtrar. El exceso de conocimiento puede ser una forma moderna de confusión.",Cultura de lo efímero y proyectos de vida,neutral,8087,2344
933,2023-12-26,user_14176,"Muchos jóvenes tienen una sensación de vacío difícil de explicar. Vivimos en un mundo hiperconectado, pero paradójicamente, cada día nos sentimos más solos. Los vínculos afectivos hoy son más frágiles que nunca. La inmediatez también afecta las relaciones humanas.",Generación Z y crisis de sentido,neutral,8767,569
934,2022-09-04,user_26209,La relación entre la inteligencia artificial y nuestra autonomía se está volviendo difusa. ¿Hasta qué punto delegamos decisiones importantes sin darnos cuenta? A veces siento que la presión de mostrar una vida perfecta en redes sociales nos roba la oportunidad de ser auténticos. La Generación Z vive entre expectativas irreales y una búsqueda constante de validación.,Cultura de lo efímero y proyectos de vida,negativo,10093,4662
940,2022-03-28,user_10461,"Muchos jóvenes tienen una sensación de vacío difícil de explicar. Vivimos en un mundo hiperconectado, pero paradójicamente, cada día nos sentimos más solos. Estamos tan acostumbrados a la recompensa instantánea que cualquier proyecto que requiera paciencia nos parece imposible.",IA y pérdida de autonomía humana,positivo,15527,4466
942,2022-06-17,user_1978,"Cada vez que una app me recomienda qué ver o qué comprar, siento que renuncio un poco más a mi libertad de elección. Los algoritmos parecen conocer mis gustos mejor que yo mismo. Es inquietante pensar si realmente sigo mis propias decisiones o si son las plataformas quienes moldean mi comportamiento.",Generación Z y crisis de sentido,negativo,17532,2733
947,2023-03-05,user_96109,¿Seguimos siendo sujetos libres si los algoritmos determinan qué contenido vemos y qué contenido nunca nos aparece? No sé si la tecnología nos está liberando del esfuerzo o si nos está convirtiendo en espectadores pasivos de nuestra propia vida.,Cultura de lo efímero y proyectos de vida,positivo,6213,993
949,2024-03-08,user_35898,"La Generación Z ha heredado un mundo acelerado, caótico y saturado. Buscar sentido en medio de ese ruido es un acto filosófico profundo. Los algoritmos parecen conocer mis gustos mejor que yo mismo. Es inquietante pensar si realmente sigo mis propias decisiones o si son las plataformas quienes moldean mi comportamiento.",Cultura de lo efímero y proyectos de vida,positivo,17447,4617
957,2022-07-20,user_84014,"La presión por ser productivo todo el tiempo está quemando a una generación entera. No todo en la vida debe ser rendimiento. Muchos jóvenes sienten que el futuro es incierto, no por falta de oportunidades, sino por exceso de opciones que terminan paralizando.",Cultura de lo efímero y proyectos de vida,positivo,4908,135
963,2024-01-10,user_72072,¿Seguimos siendo sujetos libres si los algoritmos determinan qué contenido vemos y qué contenido nunca nos aparece? Todo se mueve tan rápido que incluso los recuerdos parecen caducar. La cultura de lo efímero borra cualquier intento de construir algo que perdure.,IA y pérdida de autonomía humana,neutral,18157,2026
991,2022-09-21,user_37702,La presión por ser productivo todo el tiempo está quemando a una generación entera. No todo en la vida debe ser rendimiento. A veces siento que la presión de mostrar una vida perfecta en redes sociales nos roba la oportunidad de ser auténticos. La Generación Z vive entre expectativas irreales y una búsqueda constante de validación.,Cultura de lo efímero y proyectos de vida,positivo,17337,2748
996,2024-02-19,user_3276,"La identidad en línea se construye y se desmonta como si fuera un proyecto temporal. Nada parece sólido, ni siquiera la idea de quién somos. La cultura actual parece obsesionada con lo nuevo y lo inmediato, dejando poco espacio para la reflexión o el compromiso duradero.",IA y pérdida de autonomía humana,positivo,9597,781
997,2023-11-16,user_99856,"Muchos jóvenes sienten que el futuro es incierto, no por falta de oportunidades, sino por exceso de opciones que terminan paralizando. La Generación Z enfrenta un dilema existencial: querer cambiar el mundo, pero estar atrapada en dinámicas de inmediatez y consumo constante.",IA y pérdida de autonomía humana,negativo,16472,924
1001,2023-03-13,user_17521,"Muchos jóvenes sienten que el futuro es incierto, no por falta de oportunidades, sino por exceso de opciones que terminan paralizando. La IA puede predecir nuestras emociones con una precisión inquietante. ¿Qué queda entonces de nuestra espontaneidad?",Generación Z y crisis de sentido,positivo,2401,1158
1011,2023-08-09,user_52456,No sé si la tecnología nos está liberando del esfuerzo o si nos está convirtiendo en espectadores pasivos de nuestra propia vida. Todo se mueve tan rápido que incluso los recuerdos parecen caducar. La cultura de lo efímero borra cualquier intento de construir algo que perdure.,Generación Z y crisis de sentido,positivo,18284,1286
1012,2022-05-15,user_63371,"La identidad en línea se construye y se desmonta como si fuera un proyecto temporal. Nada parece sólido, ni siquiera la idea de quién somos. La IA puede predecir nuestras emociones con una precisión inquietante. ¿Qué queda entonces de nuestra espontaneidad?",Cultura de lo efímero y proyectos de vida,negativo,13507,3439
1027,2022-02-24,user_50393,"Los vínculos afectivos hoy son más frágiles que nunca. La inmediatez también afecta las relaciones humanas. Cada vez que una app me recomienda qué ver o qué comprar, siento que renuncio un poco más a mi libertad de elección.",Generación Z y crisis de sentido,neutral,12698,1666
1035,2022-10-22,user_69319,"A veces siento que la presión de mostrar una vida perfecta en redes sociales nos roba la oportunidad de ser auténticos. La Generación Z vive entre expectativas irreales y una búsqueda constante de validación. La identidad en línea se construye y se desmonta como si fuera un proyecto temporal. Nada parece sólido, ni siquiera la idea de quién somos.",Generación Z y crisis de sentido,positivo,8584,2186
1036,2024-06-12,user_98185,La IA puede predecir nuestras emociones con una precisión inquietante. ¿Qué queda entonces de nuestra espontaneidad? Los algoritmos parecen conocer mis gustos mejor que yo mismo. Es inquietante pensar si realmente sigo mis propias decisiones o si son las plataformas quienes moldean mi comportamiento.,Cultura de lo efímero y proyectos de vida,neutral,6470,3286
1040,2022-07-21,user_7446,"La Generación Z enfrenta un dilema existencial: querer cambiar el mundo, pero estar atrapada en dinámicas de inmediatez y consumo constante. ¿Seguimos siendo sujetos libres si los algoritmos determinan qué contenido vemos y qué contenido nunca nos aparece?",Generación Z y crisis de sentido,positivo,1566,865
1057,2022-08-09,user_79545,Los vínculos afectivos hoy son más frágiles que nunca. La inmediatez también afecta las relaciones humanas. ¿Seguimos siendo sujetos libres si los algoritmos determinan qué contenido vemos y qué contenido nunca nos aparece?,IA y pérdida de autonomía humana,neutral,4493,2
1058,2022-01-30,user_45366,"Muchos jóvenes tienen una sensación de vacío difícil de explicar. Vivimos en un mundo hiperconectado, pero paradójicamente, cada día nos sentimos más solos. A veces siento que la presión de mostrar una vida perfecta en redes sociales nos roba la oportunidad de ser auténticos. La Generación Z vive entre expectativas irreales y una búsqueda constante de validación.",Generación Z y crisis de sentido,positivo,15510,4241
1070,2022-10-16,user_81737,La IA puede predecir nuestras emociones con una precisión inquietante. ¿Qué queda entonces de nuestra espontaneidad? Estamos tan acostumbrados a la recompensa instantánea que cualquier proyecto que requiera paciencia nos parece imposible.,Generación Z y crisis de sentido,positivo,763,1795
1078,2023-10-31,user_70266,A veces siento que la presión de mostrar una vida perfecta en redes sociales nos roba la oportunidad de ser auténticos. La Generación Z vive entre expectativas irreales y una búsqueda constante de validación. El ruido constante de las redes sociales hace difícil encontrar silencio interior. ¿Cómo pensar profundamente en medio de tantas distracciones?,Generación Z y crisis de sentido,positivo,10242,2270
1083,2023-10-29,user_65678,"La Generación Z ha heredado un mundo acelerado, caótico y saturado. Buscar sentido en medio de ese ruido es un acto filosófico profundo. La IA puede predecir nuestras emociones con una precisión inquietante. ¿Qué queda entonces de nuestra espontaneidad?",Generación Z y crisis de sentido,positivo,5995,749
1094,2022-08-22,user_4176,"La cultura actual parece obsesionada con lo nuevo y lo inmediato, dejando poco espacio para la reflexión o el compromiso duradero. Con tanta información, el desafío ya no es aprender, sino filtrar. El exceso de conocimiento puede ser una forma moderna de confusión.",Cultura de lo efímero y proyectos de vida,negativo,2729,2420
1099,2022-11-12,user_34010,"Con tanta información, el desafío ya no es aprender, sino filtrar. El exceso de conocimiento puede ser una forma moderna de confusión. ¿Seguimos siendo sujetos libres si los algoritmos determinan qué contenido vemos y qué contenido nunca nos aparece?",IA y pérdida de autonomía humana,positivo,17766,982
1100,2022-04-30,user_63747,"Con tanta información, el desafío ya no es aprender, sino filtrar. El exceso de conocimiento puede ser una forma moderna de confusión. Los vínculos afectivos hoy son más frágiles que nunca. La inmediatez también afecta las relaciones humanas.",Generación Z y crisis de sentido,negativo,14294,2982
1105,2022-08-09,user_35732,La presión por ser productivo todo el tiempo está quemando a una generación entera. No todo en la vida debe ser rendimiento. La IA puede predecir nuestras emociones con una precisión inquietante. ¿Qué queda entonces de nuestra espontaneidad?,Cultura de lo efímero y proyectos de vida,positivo,18612,1514
1107,2023-12-22,user_61302,"La relación entre la inteligencia artificial y nuestra autonomía se está volviendo difusa. ¿Hasta qué punto delegamos decisiones importantes sin darnos cuenta? Muchos jóvenes sienten que el futuro es incierto, no por falta de oportunidades, sino por exceso de opciones que terminan paralizando.",Generación Z y crisis de sentido,positivo,4228,634
1116,2023-10-25,user_2960,"Muchos jóvenes sienten que el futuro es incierto, no por falta de oportunidades, sino por exceso de opciones que terminan paralizando. La presión por ser productivo todo el tiempo está quemando a una generación entera. No todo en la vida debe ser rendimiento.",Cultura de lo efímero y proyectos de vida,negativo,2553,2302
1119,2023-01-19,user_51765,"No sé si la tecnología nos está liberando del esfuerzo o si nos está convirtiendo en espectadores pasivos de nuestra propia vida. Muchos jóvenes sienten que el futuro es incierto, no por falta de oportunidades, sino por exceso de opciones que terminan paralizando.",Cultura de lo efímero y proyectos de vida,negativo,6727,2323
1127,2022-09-04,user_85439,"La identidad en línea se construye y se desmonta como si fuera un proyecto temporal. Nada parece sólido, ni siquiera la idea de quién somos. Cada vez que una app me recomienda qué ver o qué comprar, siento que renuncio un poco más a mi libertad de elección.",IA y pérdida de autonomía humana,negativo,9281,3120
1130,2023-11-04,user_91649,"Muchos jóvenes sienten que el futuro es incierto, no por falta de oportunidades, sino por exceso de opciones que terminan paralizando. Los vínculos afectivos hoy son más frágiles que nunca. La inmediatez también afecta las relaciones humanas.",Cultura de lo efímero y proyectos de vida,neutral,12816,5
1133,2023-03-28,user_95917,Estamos tan acostumbrados a la recompensa instantánea que cualquier proyecto que requiera paciencia nos parece imposible. El ruido constante de las redes sociales hace difícil encontrar silencio interior. ¿Cómo pensar profundamente en medio de tantas distracciones?,IA y pérdida de autonomía humana,negativo,5966,1773
1143,2023-09-20,user_78652,"La Generación Z ha heredado un mundo acelerado, caótico y saturado. Buscar sentido en medio de ese ruido es un acto filosófico profundo. La presión por ser productivo todo el tiempo está quemando a una generación entera. No todo en la vida debe ser rendimiento.",Cultura de lo efímero y proyectos de vida,negativo,778,845
1144,2023-01-19,user_72259,La IA puede predecir nuestras emociones con una precisión inquietante. ¿Qué queda entonces de nuestra espontaneidad? Todo se mueve tan rápido que incluso los recuerdos parecen caducar. La cultura de lo efímero borra cualquier intento de construir algo que perdure.,Cultura de lo efímero y proyectos de vida,positivo,11819,4395
1146,2022-03-06,user_12930,"La Generación Z enfrenta un dilema existencial: querer cambiar el mundo, pero estar atrapada en dinámicas de inmediatez y consumo constante. Con tanta información, el desafío ya no es aprender, sino filtrar. El exceso de conocimiento puede ser una forma moderna de confusión.",Generación Z y crisis de sentido,positivo,2820,3755
1149,2024-03-08,user_48496,"A veces siento que la presión de mostrar una vida perfecta en redes sociales nos roba la oportunidad de ser auténticos. La Generación Z vive entre expectativas irreales y una búsqueda constante de validación. Cada vez que una app me recomienda qué ver o qué comprar, siento que renuncio un poco más a mi libertad de elección.",Generación Z y crisis de sentido,positivo,11041,3351
1165,2022-01-23,user_42328,"El ruido constante de las redes sociales hace difícil encontrar silencio interior. ¿Cómo pensar profundamente en medio de tantas distracciones? La cultura actual parece obsesionada con lo nuevo y lo inmediato, dejando poco espacio para la reflexión o el compromiso duradero.",Cultura de lo efímero y proyectos de vida,positivo,13904,1625
1178,2023-04-22,user_38236,Los algoritmos parecen conocer mis gustos mejor que yo mismo. Es inquietante pensar si realmente sigo mis propias decisiones o si son las plataformas quienes moldean mi comportamiento. Estamos tan acostumbrados a la recompensa instantánea que cualquier proyecto que requiera paciencia nos parece imposible.,Cultura de lo efímero y proyectos de vida,negativo,9548,1232
1192,2022-05-17,user_83975,"La IA puede predecir nuestras emociones con una precisión inquietante. ¿Qué queda entonces de nuestra espontaneidad? Con tanta información, el desafío ya no es aprender, sino filtrar. El exceso de conocimiento puede ser una forma moderna de confusión.",Cultura de lo efímero y proyectos de vida,negativo,16858,161
1197,2022-01-30,user_89266,"Muchos jóvenes tienen una sensación de vacío difícil de explicar. Vivimos en un mundo hiperconectado, pero paradójicamente, cada día nos sentimos más solos. Cada vez que una app me recomienda qué ver o qué comprar, siento que renuncio un poco más a mi libertad de elección.",IA y pérdida de autonomía humana,positivo,15027,4211
1223,2023-02-28,user_26869,"La identidad en línea se construye y se desmonta como si fuera un proyecto temporal. Nada parece sólido, ni siquiera la idea de quién somos. La relación entre la inteligencia artificial y nuestra autonomía se está volviendo difusa. ¿Hasta qué punto delegamos decisiones importantes sin darnos cuenta?",Cultura de lo efímero y proyectos de vida,negativo,11678,1324
1239,2023-03-29,user_80003,"La presión por ser productivo todo el tiempo está quemando a una generación entera. No todo en la vida debe ser rendimiento. La Generación Z ha heredado un mundo acelerado, caótico y saturado. Buscar sentido en medio de ese ruido es un acto filosófico profundo.",Cultura de lo efímero y proyectos de vida,negativo,11592,2113
1249,2023-08-11,user_25512,"La identidad en línea se construye y se desmonta como si fuera un proyecto temporal. Nada parece sólido, ni siquiera la idea de quién somos. A veces siento que la presión de mostrar una vida perfecta en redes sociales nos roba la oportunidad de ser auténticos. La Generación Z vive entre expectativas irreales y una búsqueda constante de validación.",Cultura de lo efímero y proyectos de vida,negativo,1593,852
1254,2023-02-16,user_37601,"La cultura actual parece obsesionada con lo nuevo y lo inmediato, dejando poco espacio para la reflexión o el compromiso duradero. Los algoritmos parecen conocer mis gustos mejor que yo mismo. Es inquietante pensar si realmente sigo mis propias decisiones o si son las plataformas quienes moldean mi comportamiento.",IA y pérdida de autonomía humana,neutral,12306,3737
1268,2022-10-28,user_26112,"Muchos jóvenes tienen una sensación de vacío difícil de explicar. Vivimos en un mundo hiperconectado, pero paradójicamente, cada día nos sentimos más solos. La cultura actual parece obsesionada con lo nuevo y lo inmediato, dejando poco espacio para la reflexión o el compromiso duradero.",Generación Z y crisis de sentido,negativo,18365,3973
1279,2023-06-29,user_32677,Todo se mueve tan rápido que incluso los recuerdos parecen caducar. La cultura de lo efímero borra cualquier intento de construir algo que perdure. ¿Seguimos siendo sujetos libres si los algoritmos determinan qué contenido vemos y qué contenido nunca nos aparece?,IA y pérdida de autonomía humana,negativo,6095,615
1283,2023-07-24,user_29808,Antes los proyectos de vida eran a largo plazo; hoy parece que nuestra identidad cambia tan rápido como las tendencias en TikTok. Estamos tan acostumbrados a la recompensa instantánea que cualquier proyecto que requiera paciencia nos parece imposible.,IA y pérdida de autonomía humana,negativo,19236,534
1285,2023-05-02,user_96320,"Cada vez que una app me recomienda qué ver o qué comprar, siento que renuncio un poco más a mi libertad de elección. Estamos tan acostumbrados a la recompensa instantánea que cualquier proyecto que requiera paciencia nos parece imposible.",Cultura de lo efímero y proyectos de vida,positivo,12896,2873
1293,2023-12-07,user_40699,"La identidad en línea se construye y se desmonta como si fuera un proyecto temporal. Nada parece sólido, ni siquiera la idea de quién somos. Estamos tan acostumbrados a la recompensa instantánea que cualquier proyecto que requiera paciencia nos parece imposible.",IA y pérdida de autonomía humana,positivo,18318,1970
1297,2024-02-27,user_30259,"Muchos jóvenes sienten que el futuro es incierto, no por falta de oportunidades, sino por exceso de opciones que terminan paralizando. La identidad en línea se construye y se desmonta como si fuera un proyecto temporal. Nada parece sólido, ni siquiera la idea de quién somos.",IA y pérdida de autonomía humana,neutral,19778,573
1303,2022-08-02,user_54382,"Cada vez que una app me recomienda qué ver o qué comprar, siento que renuncio un poco más a mi libertad de elección. La identidad en línea se construye y se desmonta como si fuera un proyecto temporal. Nada parece sólido, ni siquiera la idea de quién somos.",IA y pérdida de autonomía humana,positivo,419,3004
1328,2024-02-26,user_9424,"La Generación Z enfrenta un dilema existencial: querer cambiar el mundo, pero estar atrapada en dinámicas de inmediatez y consumo constante. El ruido constante de las redes sociales hace difícil encontrar silencio interior. ¿Cómo pensar profundamente en medio de tantas distracciones?",Generación Z y crisis de sentido,negativo,6608,2112
1345,2022-07-19,user_99957,"Muchos jóvenes tienen una sensación de vacío difícil de explicar. Vivimos en un mundo hiperconectado, pero paradójicamente, cada día nos sentimos más solos. La relación entre la inteligencia artificial y nuestra autonomía se está volviendo difusa. ¿Hasta qué punto delegamos decisiones importantes sin darnos cuenta?",Cultura de lo efímero y proyectos de vida,negativo,11946,166
1347,2024-05-23,user_53521,"¿Seguimos siendo sujetos libres si los algoritmos determinan qué contenido vemos y qué contenido nunca nos aparece? Muchos jóvenes tienen una sensación de vacío difícil de explicar. Vivimos en un mundo hiperconectado, pero paradójicamente, cada día nos sentimos más solos.",Generación Z y crisis de sentido,negativo,12812,337
1387,2023-09-07,user_2435,La IA puede predecir nuestras emociones con una precisión inquietante. ¿Qué queda entonces de nuestra espontaneidad? El ruido constante de las redes sociales hace difícil encontrar silencio interior. ¿Cómo pensar profundamente en medio de tantas distracciones?,Cultura de lo efímero y proyectos de vida,positivo,1110,4952
1394,2022-04-14,user_23819,"No sé si la tecnología nos está liberando del esfuerzo o si nos está convirtiendo en espectadores pasivos de nuestra propia vida. La identidad en línea se construye y se desmonta como si fuera un proyecto temporal. Nada parece sólido, ni siquiera la idea de quién somos.",IA y pérdida de autonomía humana,negativo,2036,3933
1410,2023-06-02,user_92171,"La identidad en línea se construye y se desmonta como si fuera un proyecto temporal. Nada parece sólido, ni siquiera la idea de quién somos. Muchos jóvenes tienen una sensación de vacío difícil de explicar. Vivimos en un mundo hiperconectado, pero paradójicamente, cada día nos sentimos más solos.",Cultura de lo efímero y proyectos de vida,positivo,18188,2480
1416,2024-05-23,user_97607,"Con tanta información, el desafío ya no es aprender, sino filtrar. El exceso de conocimiento puede ser una forma moderna de confusión. A veces siento que la presión de mostrar una vida perfecta en redes sociales nos roba la oportunidad de ser auténticos. La Generación Z vive entre expectativas irreales y una búsqueda constante de validación.",Cultura de lo efímero y proyectos de vida,negativo,15121,847
1438,2023-03-03,user_37598,"Cada vez que una app me recomienda qué ver o qué comprar, siento que renuncio un poco más a mi libertad de elección. La cultura actual parece obsesionada con lo nuevo y lo inmediato, dejando poco espacio para la reflexión o el compromiso duradero.",IA y pérdida de autonomía humana,positivo,14956,1342
1441,2023-05-16,user_1738,Los algoritmos parecen conocer mis gustos mejor que yo mismo. Es inquietante pensar si realmente sigo mis propias decisiones o si son las plataformas quienes moldean mi comportamiento. El ruido constante de las redes sociales hace difícil encontrar silencio interior. ¿Cómo pensar profundamente en medio de tantas distracciones?,Cultura de lo efímero y proyectos de vida,positivo,19571,1013
1447,2023-02-25,user_20578,"La cultura actual parece obsesionada con lo nuevo y lo inmediato, dejando poco espacio para la reflexión o el compromiso duradero. Muchos jóvenes sienten que el futuro es incierto, no por falta de oportunidades, sino por exceso de opciones que terminan paralizando.",Cultura de lo efímero y proyectos de vida,negativo,7085,1546
1459,2023-07-20,user_80878,"La identidad en línea se construye y se desmonta como si fuera un proyecto temporal. Nada parece sólido, ni siquiera la idea de quién somos. No sé si la tecnología nos está liberando del esfuerzo o si nos está convirtiendo en espectadores pasivos de nuestra propia vida.",Generación Z y crisis de sentido,positivo,14080,1823
1465,2023-02-23,user_29311,"Los vínculos afectivos hoy son más frágiles que nunca. La inmediatez también afecta las relaciones humanas. Con tanta información, el desafío ya no es aprender, sino filtrar. El exceso de conocimiento puede ser una forma moderna de confusión.",Generación Z y crisis de sentido,neutral,10356,2768
1467,2022-11-19,user_96686,Antes los proyectos de vida eran a largo plazo; hoy parece que nuestra identidad cambia tan rápido como las tendencias en TikTok. La presión por ser productivo todo el tiempo está quemando a una generación entera. No todo en la vida debe ser rendimiento.,IA y pérdida de autonomía humana,positivo,12048,761
1472,2022-04-23,user_64608,"Los algoritmos parecen conocer mis gustos mejor que yo mismo. Es inquietante pensar si realmente sigo mis propias decisiones o si son las plataformas quienes moldean mi comportamiento. Cada vez que una app me recomienda qué ver o qué comprar, siento que renuncio un poco más a mi libertad de elección.",Generación Z y crisis de sentido,neutral,12438,2004
1473,2024-03-01,user_36119,"Con tanta información, el desafío ya no es aprender, sino filtrar. El exceso de conocimiento puede ser una forma moderna de confusión. La identidad en línea se construye y se desmonta como si fuera un proyecto temporal. Nada parece sólido, ni siquiera la idea de quién somos.",IA y pérdida de autonomía humana,negativo,10380,1453
1474,2022-08-13,user_59391,Antes los proyectos de vida eran a largo plazo; hoy parece que nuestra identidad cambia tan rápido como las tendencias en TikTok. El ruido constante de las redes sociales hace difícil encontrar silencio interior. ¿Cómo pensar profundamente en medio de tantas distracciones?,Generación Z y crisis de sentido,neutral,9546,4406
1475,2022-10-24,user_54994,La IA puede predecir nuestras emociones con una precisión inquietante. ¿Qué queda entonces de nuestra espontaneidad? No sé si la tecnología nos está liberando del esfuerzo o si nos está convirtiendo en espectadores pasivos de nuestra propia vida.,Cultura de lo efímero y proyectos de vida,negativo,19185,2721
1496,2023-07-22,user_11480,No sé si la tecnología nos está liberando del esfuerzo o si nos está convirtiendo en espectadores pasivos de nuestra propia vida. La relación entre la inteligencia artificial y nuestra autonomía se está volviendo difusa. ¿Hasta qué punto delegamos decisiones importantes sin darnos cuenta?,Cultura de lo efímero y proyectos de vida,negativo,1286,4888
1504,2022-12-31,user_55375,"Con tanta información, el desafío ya no es aprender, sino filtrar. El exceso de conocimiento puede ser una forma moderna de confusión. La Generación Z enfrenta un dilema existencial: querer cambiar el mundo, pero estar atrapada en dinámicas de inmediatez y consumo constante.",Generación Z y crisis de sentido,positivo,9914,586
1525,2022-01-27,user_12207,"Antes los proyectos de vida eran a largo plazo; hoy parece que nuestra identidad cambia tan rápido como las tendencias en TikTok. La cultura actual parece obsesionada con lo nuevo y lo inmediato, dejando poco espacio para la reflexión o el compromiso duradero.",IA y pérdida de autonomía humana,neutral,8726,1826
1531,2023-11-27,user_25513,"La Generación Z enfrenta un dilema existencial: querer cambiar el mundo, pero estar atrapada en dinámicas de inmediatez y consumo constante. No sé si la tecnología nos está liberando del esfuerzo o si nos está convirtiendo en espectadores pasivos de nuestra propia vida.",Generación Z y crisis de sentido,negativo,9003,1317
1538,2022-11-04,user_41574,"Antes los proyectos de vida eran a largo plazo; hoy parece que nuestra identidad cambia tan rápido como las tendencias en TikTok. Muchos jóvenes tienen una sensación de vacío difícil de explicar. Vivimos en un mundo hiperconectado, pero paradójicamente, cada día nos sentimos más solos.",Cultura de lo efímero y proyectos de vida,neutral,17472,1340
1547,2022-03-30,user_49006,"La presión por ser productivo todo el tiempo está quemando a una generación entera. No todo en la vida debe ser rendimiento. Cada vez que una app me recomienda qué ver o qué comprar, siento que renuncio un poco más a mi libertad de elección.",Cultura de lo efímero y proyectos de vida,positivo,7240,3526
1549,2022-08-15,user_95439,"Estamos tan acostumbrados a la recompensa instantánea que cualquier proyecto que requiera paciencia nos parece imposible. La identidad en línea se construye y se desmonta como si fuera un proyecto temporal. Nada parece sólido, ni siquiera la idea de quién somos.",IA y pérdida de autonomía humana,positivo,2552,1604
1559,2022-10-05,user_46636,"La cultura actual parece obsesionada con lo nuevo y lo inmediato, dejando poco espacio para la reflexión o el compromiso duradero. Los vínculos afectivos hoy son más frágiles que nunca. La inmediatez también afecta las relaciones humanas.",Cultura de lo efímero y proyectos de vida,neutral,14,4077
1641,2023-12-13,user_28184,"Con tanta información, el desafío ya no es aprender, sino filtrar. El exceso de conocimiento puede ser una forma moderna de confusión. Los algoritmos parecen conocer mis gustos mejor que yo mismo. Es inquietante pensar si realmente sigo mis propias decisiones o si son las plataformas quienes moldean mi comportamiento.",Cultura de lo efímero y proyectos de vida,positivo,4146,2106
1645,2023-09-30,user_86590,"La presión por ser productivo todo el tiempo está quemando a una generación entera. No todo en la vida debe ser rendimiento. La cultura actual parece obsesionada con lo nuevo y lo inmediato, dejando poco espacio para la reflexión o el compromiso duradero.",Generación Z y crisis de sentido,positivo,18940,4571
1661,2023-12-29,user_55362,"La identidad en línea se construye y se desmonta como si fuera un proyecto temporal. Nada parece sólido, ni siquiera la idea de quién somos. Todo se mueve tan rápido que incluso los recuerdos parecen caducar. La cultura de lo efímero borra cualquier intento de construir algo que perdure.",Cultura de lo efímero y proyectos de vida,neutral,4621,1443
1673,2022-06-08,user_43317,"La cultura actual parece obsesionada con lo nuevo y lo inmediato, dejando poco espacio para la reflexión o el compromiso duradero. A veces siento que la presión de mostrar una vida perfecta en redes sociales nos roba la oportunidad de ser auténticos. La Generación Z vive entre expectativas irreales y una búsqueda constante de validación.",Generación Z y crisis de sentido,neutral,1161,657
1684,2023-03-15,user_23631,"Muchos jóvenes sienten que el futuro es incierto, no por falta de oportunidades, sino por exceso de opciones que terminan paralizando. A veces siento que la presión de mostrar una vida perfecta en redes sociales nos roba la oportunidad de ser auténticos. La Generación Z vive entre expectativas irreales y una búsqueda constante de validación.",Generación Z y crisis de sentido,negativo,7107,2541
1707,2023-04-15,user_742,"Antes los proyectos de vida eran a largo plazo; hoy parece que nuestra identidad cambia tan rápido como las tendencias en TikTok. Con tanta información, el desafío ya no es aprender, sino filtrar. El exceso de conocimiento puede ser una forma moderna de confusión.",Cultura de lo efímero y proyectos de vida,negativo,17859,1027
1709,2024-01-06,user_38003,Los algoritmos parecen conocer mis gustos mejor que yo mismo. Es inquietante pensar si realmente sigo mis propias decisiones o si son las plataformas quienes moldean mi comportamiento. La relación entre la inteligencia artificial y nuestra autonomía se está volviendo difusa. ¿Hasta qué punto delegamos decisiones importantes sin darnos cuenta?,Cultura de lo efímero y proyectos de vida,neutral,1814,982
1715,2023-11-26,user_73064,"Muchos jóvenes sienten que el futuro es incierto, no por falta de oportunidades, sino por exceso de opciones que terminan paralizando. Todo se mueve tan rápido que incluso los recuerdos parecen caducar. La cultura de lo efímero borra cualquier intento de construir algo que perdure.",Generación Z y crisis de sentido,negativo,11019,1931
1718,2022-06-27,user_43825,"Muchos jóvenes tienen una sensación de vacío difícil de explicar. Vivimos en un mundo hiperconectado, pero paradójicamente, cada día nos sentimos más solos. Muchos jóvenes sienten que el futuro es incierto, no por falta de oportunidades, sino por exceso de opciones que terminan paralizando.",IA y pérdida de autonomía humana,negativo,11643,47
1719,2024-03-31,user_11268,"La Generación Z ha heredado un mundo acelerado, caótico y saturado. Buscar sentido en medio de ese ruido es un acto filosófico profundo. La Generación Z enfrenta un dilema existencial: querer cambiar el mundo, pero estar atrapada en dinámicas de inmediatez y consumo constante.",Generación Z y crisis de sentido,positivo,7382,878
1733,2023-03-15,user_83378,"La Generación Z enfrenta un dilema existencial: querer cambiar el mundo, pero estar atrapada en dinámicas de inmediatez y consumo constante. La identidad en línea se construye y se desmonta como si fuera un proyecto temporal. Nada parece sólido, ni siquiera la idea de quién somos.",Cultura de lo efímero y proyectos de vida,neutral,1072,1217
1764,2022-07-06,user_96847,"Los vínculos afectivos hoy son más frágiles que nunca. La inmediatez también afecta las relaciones humanas. Muchos jóvenes tienen una sensación de vacío difícil de explicar. Vivimos en un mundo hiperconectado, pero paradójicamente, cada día nos sentimos más solos.",IA y pérdida de autonomía humana,neutral,6824,2574
1767,2023-03-09,user_65455,"La relación entre la inteligencia artificial y nuestra autonomía se está volviendo difusa. ¿Hasta qué punto delegamos decisiones importantes sin darnos cuenta? Con tanta información, el desafío ya no es aprender, sino filtrar. El exceso de conocimiento puede ser una forma moderna de confusión.",IA y pérdida de autonomía humana,neutral,17316,753
1784,2022-07-01,user_70629,"El ruido constante de las redes sociales hace difícil encontrar silencio interior. ¿Cómo pensar profundamente en medio de tantas distracciones? Muchos jóvenes sienten que el futuro es incierto, no por falta de oportunidades, sino por exceso de opciones que terminan paralizando.",Generación Z y crisis de sentido,neutral,10092,1737
1793,2023-01-15,user_13740,Los vínculos afectivos hoy son más frágiles que nunca. La inmediatez también afecta las relaciones humanas. Los algoritmos parecen conocer mis gustos mejor que yo mismo. Es inquietante pensar si realmente sigo mis propias decisiones o si son las plataformas quienes moldean mi comportamiento.,IA y pérdida de autonomía humana,positivo,4982,3827
1794,2022-12-16,user_4952,El ruido constante de las redes sociales hace difícil encontrar silencio interior. ¿Cómo pensar profundamente en medio de tantas distracciones? Estamos tan acostumbrados a la recompensa instantánea que cualquier proyecto que requiera paciencia nos parece imposible.,Generación Z y crisis de sentido,neutral,6247,4861
1797,2022-08-14,user_41643,La IA puede predecir nuestras emociones con una precisión inquietante. ¿Qué queda entonces de nuestra espontaneidad? Los vínculos afectivos hoy son más frágiles que nunca. La inmediatez también afecta las relaciones humanas.,IA y pérdida de autonomía humana,negativo,13632,1980
1806,2023-05-02,user_78134,"La relación entre la inteligencia artificial y nuestra autonomía se está volviendo difusa. ¿Hasta qué punto delegamos decisiones importantes sin darnos cuenta? Cada vez que una app me recomienda qué ver o qué comprar, siento que renuncio un poco más a mi libertad de elección.",IA y pérdida de autonomía humana,negativo,3818,3878
1812,2023-01-01,user_31660,La relación entre la inteligencia artificial y nuestra autonomía se está volviendo difusa. ¿Hasta qué punto delegamos decisiones importantes sin darnos cuenta? El ruido constante de las redes sociales hace difícil encontrar silencio interior. ¿Cómo pensar profundamente en medio de tantas distracciones?,Cultura de lo efímero y proyectos de vida,negativo,2713,4479
1818,2023-01-09,user_70514,"La identidad en línea se construye y se desmonta como si fuera un proyecto temporal. Nada parece sólido, ni siquiera la idea de quién somos. La presión por ser productivo todo el tiempo está quemando a una generación entera. No todo en la vida debe ser rendimiento.",Generación Z y crisis de sentido,positivo,19904,305
1827,2022-10-12,user_18210,"Con tanta información, el desafío ya no es aprender, sino filtrar. El exceso de conocimiento puede ser una forma moderna de confusión. No sé si la tecnología nos está liberando del esfuerzo o si nos está convirtiendo en espectadores pasivos de nuestra propia vida.",IA y pérdida de autonomía humana,neutral,14302,3858
1831,2024-01-01,user_98537,Antes los proyectos de vida eran a largo plazo; hoy parece que nuestra identidad cambia tan rápido como las tendencias en TikTok. A veces siento que la presión de mostrar una vida perfecta en redes sociales nos roba la oportunidad de ser auténticos. La Generación Z vive entre expectativas irreales y una búsqueda constante de validación.,Generación Z y crisis de sentido,negativo,17210,397
1836,2023-03-02,user_25779,"Los vínculos afectivos hoy son más frágiles que nunca. La inmediatez también afecta las relaciones humanas. Muchos jóvenes sienten que el futuro es incierto, no por falta de oportunidades, sino por exceso de opciones que terminan paralizando.",Cultura de lo efímero y proyectos de vida,neutral,2797,2872
1841,2023-11-12,user_19593,Estamos tan acostumbrados a la recompensa instantánea que cualquier proyecto que requiera paciencia nos parece imposible. A veces siento que la presión de mostrar una vida perfecta en redes sociales nos roba la oportunidad de ser auténticos. La Generación Z vive entre expectativas irreales y una búsqueda constante de validación.,Cultura de lo efímero y proyectos de vida,positivo,1238,2795
1842,2022-09-20,user_5767,"El ruido constante de las redes sociales hace difícil encontrar silencio interior. ¿Cómo pensar profundamente en medio de tantas distracciones? Cada vez que una app me recomienda qué ver o qué comprar, siento que renuncio un poco más a mi libertad de elección.",Cultura de lo efímero y proyectos de vida,neutral,19404,4961
1848,2024-05-17,user_71887,"La Generación Z ha heredado un mundo acelerado, caótico y saturado. Buscar sentido en medio de ese ruido es un acto filosófico profundo. A veces siento que la presión de mostrar una vida perfecta en redes sociales nos roba la oportunidad de ser auténticos. La Generación Z vive entre expectativas irreales y una búsqueda constante de validación.",IA y pérdida de autonomía humana,positivo,12908,43
1861,2023-05-09,user_43647,"La Generación Z ha heredado un mundo acelerado, caótico y saturado. Buscar sentido en medio de ese ruido es un acto filosófico profundo. La identidad en línea se construye y se desmonta como si fuera un proyecto temporal. Nada parece sólido, ni siquiera la idea de quién somos.",IA y pérdida de autonomía humana,positivo,17745,1697
1867,2022-12-06,user_95401,Los vínculos afectivos hoy son más frágiles que nunca. La inmediatez también afecta las relaciones humanas. La IA puede predecir nuestras emociones con una precisión inquietante. ¿Qué queda entonces de nuestra espontaneidad?,Generación Z y crisis de sentido,positivo,14969,326
1878,2022-06-18,user_5847,Los algoritmos parecen conocer mis gustos mejor que yo mismo. Es inquietante pensar si realmente sigo mis propias decisiones o si son las plataformas quienes moldean mi comportamiento. A veces siento que la presión de mostrar una vida perfecta en redes sociales nos roba la oportunidad de ser auténticos. La Generación Z vive entre expectativas irreales y una búsqueda constante de validación.,IA y pérdida de autonomía humana,positivo,14081,4535
1894,2023-09-10,user_75010,A veces siento que la presión de mostrar una vida perfecta en redes sociales nos roba la oportunidad de ser auténticos. La Generación Z vive entre expectativas irreales y una búsqueda constante de validación. Todo se mueve tan rápido que incluso los recuerdos parecen caducar. La cultura de lo efímero borra cualquier intento de construir algo que perdure.,Generación Z y crisis de sentido,neutral,3961,2407
1906,2022-05-28,user_87407,La relación entre la inteligencia artificial y nuestra autonomía se está volviendo difusa. ¿Hasta qué punto delegamos decisiones importantes sin darnos cuenta? Los algoritmos parecen conocer mis gustos mejor que yo mismo. Es inquietante pensar si realmente sigo mis propias decisiones o si son las plataformas quienes moldean mi comportamiento.,Generación Z y crisis de sentido,negativo,1405,1792
1917,2022-06-22,user_12449,La presión por ser productivo todo el tiempo está quemando a una generación entera. No todo en la vida debe ser rendimiento. Todo se mueve tan rápido que incluso los recuerdos parecen caducar. La cultura de lo efímero borra cualquier intento de construir algo que perdure.,Generación Z y crisis de sentido,negativo,6565,3462
1931,2023-08-27,user_44656,"La cultura actual parece obsesionada con lo nuevo y lo inmediato, dejando poco espacio para la reflexión o el compromiso duradero. La relación entre la inteligencia artificial y nuestra autonomía se está volviendo difusa. ¿Hasta qué punto delegamos decisiones importantes sin darnos cuenta?",Generación Z y crisis de sentido,positivo,4272,4281
1938,2024-03-08,user_14041,"El ruido constante de las redes sociales hace difícil encontrar silencio interior. ¿Cómo pensar profundamente en medio de tantas distracciones? Muchos jóvenes tienen una sensación de vacío difícil de explicar. Vivimos en un mundo hiperconectado, pero paradójicamente, cada día nos sentimos más solos.",Generación Z y crisis de sentido,positivo,13870,1333
1952,2023-02-24,user_43621,"Los algoritmos parecen conocer mis gustos mejor que yo mismo. Es inquietante pensar si realmente sigo mis propias decisiones o si son las plataformas quienes moldean mi comportamiento. La identidad en línea se construye y se desmonta como si fuera un proyecto temporal. Nada parece sólido, ni siquiera la idea de quién somos.",IA y pérdida de autonomía humana,positivo,11486,2301
1959,2023-08-11,user_18412,"Con tanta información, el desafío ya no es aprender, sino filtrar. El exceso de conocimiento puede ser una forma moderna de confusión. Todo se mueve tan rápido que incluso los recuerdos parecen caducar. La cultura de lo efímero borra cualquier intento de construir algo que perdure.",IA y pérdida de autonomía humana,neutral,3692,2108
2001,2024-01-12,user_4278,"Muchos jóvenes tienen una sensación de vacío difícil de explicar. Vivimos en un mundo hiperconectado, pero paradójicamente, cada día nos sentimos más solos. El ruido constante de las redes sociales hace difícil encontrar silencio interior. ¿Cómo pensar profundamente en medio de tantas distracciones?",Generación Z y crisis de sentido,negativo,7156,2638
2013,2022-02-27,user_33143,"Los vínculos afectivos hoy son más frágiles que nunca. La inmediatez también afecta las relaciones humanas. La cultura actual parece obsesionada con lo nuevo y lo inmediato, dejando poco espacio para la reflexión o el compromiso duradero.",Generación Z y crisis de sentido,positivo,12392,3815
2085,2024-05-13,user_53567,A veces siento que la presión de mostrar una vida perfecta en redes sociales nos roba la oportunidad de ser auténticos. La Generación Z vive entre expectativas irreales y una búsqueda constante de validación. No sé si la tecnología nos está liberando del esfuerzo o si nos está convirtiendo en espectadores pasivos de nuestra propia vida.,IA y pérdida de autonomía humana,negativo,6879,3807
2102,2022-01-13,user_23912,"No sé si la tecnología nos está liberando del esfuerzo o si nos está convirtiendo en espectadores pasivos de nuestra propia vida. La cultura actual parece obsesionada con lo nuevo y lo inmediato, dejando poco espacio para la reflexión o el compromiso duradero.",Generación Z y crisis de sentido,neutral,2912,4851
2111,2022-07-01,user_32321,"Con tanta información, el desafío ya no es aprender, sino filtrar. El exceso de conocimiento puede ser una forma moderna de confusión. El ruido constante de las redes sociales hace difícil encontrar silencio interior. ¿Cómo pensar profundamente en medio de tantas distracciones?",IA y pérdida de autonomía humana,negativo,19341,4137
2136,2023-04-30,user_46458,"Con tanta información, el desafío ya no es aprender, sino filtrar. El exceso de conocimiento puede ser una forma moderna de confusión. Muchos jóvenes sienten que el futuro es incierto, no por falta de oportunidades, sino por exceso de opciones que terminan paralizando.",Generación Z y crisis de sentido,neutral,13168,3260
2161,2022-10-17,user_67003,"Muchos jóvenes sienten que el futuro es incierto, no por falta de oportunidades, sino por exceso de opciones que terminan paralizando. Estamos tan acostumbrados a la recompensa instantánea que cualquier proyecto que requiera paciencia nos parece imposible.",Cultura de lo efímero y proyectos de vida,neutral,17548,1254
2181,2022-01-28,user_76644,"Todo se mueve tan rápido que incluso los recuerdos parecen caducar. La cultura de lo efímero borra cualquier intento de construir algo que perdure. La Generación Z enfrenta un dilema existencial: querer cambiar el mundo, pero estar atrapada en dinámicas de inmediatez y consumo constante.",Generación Z y crisis de sentido,neutral,10606,4892
2203,2024-04-05,user_41332,El ruido constante de las redes sociales hace difícil encontrar silencio interior. ¿Cómo pensar profundamente en medio de tantas distracciones? Los algoritmos parecen conocer mis gustos mejor que yo mismo. Es inquietante pensar si realmente sigo mis propias decisiones o si son las plataformas quienes moldean mi comportamiento.,Cultura de lo efímero y proyectos de vida,neutral,12694,392
2215,2022-07-24,user_78941,¿Seguimos siendo sujetos libres si los algoritmos determinan qué contenido vemos y qué contenido nunca nos aparece? Estamos tan acostumbrados a la recompensa instantánea que cualquier proyecto que requiera paciencia nos parece imposible.,IA y pérdida de autonomía humana,neutral,13329,4265
2251,2024-06-15,user_57120,No sé si la tecnología nos está liberando del esfuerzo o si nos está convirtiendo en espectadores pasivos de nuestra propia vida. El ruido constante de las redes sociales hace difícil encontrar silencio interior. ¿Cómo pensar profundamente en medio de tantas distracciones?,Generación Z y crisis de sentido,positivo,16433,4116
2255,2023-11-26,user_80773,Estamos tan acostumbrados a la recompensa instantánea que cualquier proyecto que requiera paciencia nos parece imposible. Los vínculos afectivos hoy son más frágiles que nunca. La inmediatez también afecta las relaciones humanas.,Cultura de lo efímero y proyectos de vida,positivo,14224,2528
2262,2022-06-16,user_97384,"La Generación Z ha heredado un mundo acelerado, caótico y saturado. Buscar sentido en medio de ese ruido es un acto filosófico profundo. Cada vez que una app me recomienda qué ver o qué comprar, siento que renuncio un poco más a mi libertad de elección.",Cultura de lo efímero y proyectos de vida,positivo,8302,178
2291,2023-03-01,user_31673,La presión por ser productivo todo el tiempo está quemando a una generación entera. No todo en la vida debe ser rendimiento. Estamos tan acostumbrados a la recompensa instantánea que cualquier proyecto que requiera paciencia nos parece imposible.,IA y pérdida de autonomía humana,neutral,9941,2491
2297,2023-04-09,user_93874,El ruido constante de las redes sociales hace difícil encontrar silencio interior. ¿Cómo pensar profundamente en medio de tantas distracciones? La presión por ser productivo todo el tiempo está quemando a una generación entera. No todo en la vida debe ser rendimiento.,Cultura de lo efímero y proyectos de vida,negativo,3711,4445
2343,2022-03-11,user_59530,"Muchos jóvenes sienten que el futuro es incierto, no por falta de oportunidades, sino por exceso de opciones que terminan paralizando. La cultura actual parece obsesionada con lo nuevo y lo inmediato, dejando poco espacio para la reflexión o el compromiso duradero.",Cultura de lo efímero y proyectos de vida,negativo,1742,4133
2349,2022-01-25,user_72030,La relación entre la inteligencia artificial y nuestra autonomía se está volviendo difusa. ¿Hasta qué punto delegamos decisiones importantes sin darnos cuenta? Los vínculos afectivos hoy son más frágiles que nunca. La inmediatez también afecta las relaciones humanas.,Cultura de lo efímero y proyectos de vida,negativo,8439,212
2351,2022-04-22,user_81114,La presión por ser productivo todo el tiempo está quemando a una generación entera. No todo en la vida debe ser rendimiento. Los vínculos afectivos hoy son más frágiles que nunca. La inmediatez también afecta las relaciones humanas.,Generación Z y crisis de sentido,negativo,17133,4707
2356,2024-05-06,user_62477,Antes los proyectos de vida eran a largo plazo; hoy parece que nuestra identidad cambia tan rápido como las tendencias en TikTok. Los vínculos afectivos hoy son más frágiles que nunca. La inmediatez también afecta las relaciones humanas.,IA y pérdida de autonomía humana,positivo,17688,4922
2359,2023-07-14,user_73000,"Cada vez que una app me recomienda qué ver o qué comprar, siento que renuncio un poco más a mi libertad de elección. Los vínculos afectivos hoy son más frágiles que nunca. La inmediatez también afecta las relaciones humanas.",IA y pérdida de autonomía humana,neutral,355,3390
2374,2022-01-26,user_21815,"Con tanta información, el desafío ya no es aprender, sino filtrar. El exceso de conocimiento puede ser una forma moderna de confusión. Muchos jóvenes tienen una sensación de vacío difícil de explicar. Vivimos en un mundo hiperconectado, pero paradójicamente, cada día nos sentimos más solos.",Cultura de lo efímero y proyectos de vida,neutral,16149,1161
2398,2023-07-25,user_64512,"Todo se mueve tan rápido que incluso los recuerdos parecen caducar. La cultura de lo efímero borra cualquier intento de construir algo que perdure. La Generación Z ha heredado un mundo acelerado, caótico y saturado. Buscar sentido en medio de ese ruido es un acto filosófico profundo.",Cultura de lo efímero y proyectos de vida,neutral,7419,4535
2399,2022-08-28,user_98537,"La Generación Z enfrenta un dilema existencial: querer cambiar el mundo, pero estar atrapada en dinámicas de inmediatez y consumo constante. Muchos jóvenes sienten que el futuro es incierto, no por falta de oportunidades, sino por exceso de opciones que terminan paralizando.",Generación Z y crisis de sentido,positivo,11858,2475
2406,2023-08-04,user_1642,Los vínculos afectivos hoy son más frágiles que nunca. La inmediatez también afecta las relaciones humanas. El ruido constante de las redes sociales hace difícil encontrar silencio interior. ¿Cómo pensar profundamente en medio de tantas distracciones?,IA y pérdida de autonomía humana,negativo,11760,632
2419,2022-06-28,user_32661,"La identidad en línea se construye y se desmonta como si fuera un proyecto temporal. Nada parece sólido, ni siquiera la idea de quién somos. Con tanta información, el desafío ya no es aprender, sino filtrar. El exceso de conocimiento puede ser una forma moderna de confusión.",Cultura de lo efímero y proyectos de vida,neutral,19537,2778
2436,2022-10-26,user_1159,"Muchos jóvenes sienten que el futuro es incierto, no por falta de oportunidades, sino por exceso de opciones que terminan paralizando. Muchos jóvenes tienen una sensación de vacío difícil de explicar. Vivimos en un mundo hiperconectado, pero paradójicamente, cada día nos sentimos más solos.",Cultura de lo efímero y proyectos de vida,neutral,496,4625
2440,2022-09-03,user_41942,"A veces siento que la presión de mostrar una vida perfecta en redes sociales nos roba la oportunidad de ser auténticos. La Generación Z vive entre expectativas irreales y una búsqueda constante de validación. Con tanta información, el desafío ya no es aprender, sino filtrar. El exceso de conocimiento puede ser una forma moderna de confusión.",Cultura de lo efímero y proyectos de vida,negativo,13382,2307
2468,2023-09-25,user_34513,La IA puede predecir nuestras emociones con una precisión inquietante. ¿Qué queda entonces de nuestra espontaneidad? A veces siento que la presión de mostrar una vida perfecta en redes sociales nos roba la oportunidad de ser auténticos. La Generación Z vive entre expectativas irreales y una búsqueda constante de validación.,IA y pérdida de autonomía humana,negativo,2161,4566
2495,2023-01-24,user_78081,A veces siento que la presión de mostrar una vida perfecta en redes sociales nos roba la oportunidad de ser auténticos. La Generación Z vive entre expectativas irreales y una búsqueda constante de validación. Antes los proyectos de vida eran a largo plazo; hoy parece que nuestra identidad cambia tan rápido como las tendencias en TikTok.,Cultura de lo efímero y proyectos de vida,neutral,6991,1074
2496,2022-12-05,user_75533,"Los vínculos afectivos hoy son más frágiles que nunca. La inmediatez también afecta las relaciones humanas. La Generación Z enfrenta un dilema existencial: querer cambiar el mundo, pero estar atrapada en dinámicas de inmediatez y consumo constante.",Generación Z y crisis de sentido,negativo,7358,3866
2497,2022-10-22,user_19984,"La cultura actual parece obsesionada con lo nuevo y lo inmediato, dejando poco espacio para la reflexión o el compromiso duradero. La presión por ser productivo todo el tiempo está quemando a una generación entera. No todo en la vida debe ser rendimiento.",Cultura de lo efímero y proyectos de vida,positivo,9195,1194
2549,2023-07-21,user_75592,Todo se mueve tan rápido que incluso los recuerdos parecen caducar. La cultura de lo efímero borra cualquier intento de construir algo que perdure. Estamos tan acostumbrados a la recompensa instantánea que cualquier proyecto que requiera paciencia nos parece imposible.,IA y pérdida de autonomía humana,negativo,13985,168
2564,2023-05-21,user_51096,"La IA puede predecir nuestras emociones con una precisión inquietante. ¿Qué queda entonces de nuestra espontaneidad? La cultura actual parece obsesionada con lo nuevo y lo inmediato, dejando poco espacio para la reflexión o el compromiso duradero.",Generación Z y crisis de sentido,negativo,10607,1799
2573,2022-10-15,user_29139,"¿Seguimos siendo sujetos libres si los algoritmos determinan qué contenido vemos y qué contenido nunca nos aparece? La Generación Z ha heredado un mundo acelerado, caótico y saturado. Buscar sentido en medio de ese ruido es un acto filosófico profundo.",Cultura de lo efímero y proyectos de vida,neutral,3448,2524
2608,2023-09-06,user_41604,La relación entre la inteligencia artificial y nuestra autonomía se está volviendo difusa. ¿Hasta qué punto delegamos decisiones importantes sin darnos cuenta? Todo se mueve tan rápido que incluso los recuerdos parecen caducar. La cultura de lo efímero borra cualquier intento de construir algo que perdure.,Generación Z y crisis de sentido,neutral,18344,4281
2612,2023-06-04,user_93814,"La cultura actual parece obsesionada con lo nuevo y lo inmediato, dejando poco espacio para la reflexión o el compromiso duradero. La IA puede predecir nuestras emociones con una precisión inquietante. ¿Qué queda entonces de nuestra espontaneidad?",Cultura de lo efímero y proyectos de vida,neutral,5859,1802
2677,2023-02-19,user_60026,¿Seguimos siendo sujetos libres si los algoritmos determinan qué contenido vemos y qué contenido nunca nos aparece? La relación entre la inteligencia artificial y nuestra autonomía se está volviendo difusa. ¿Hasta qué punto delegamos decisiones importantes sin darnos cuenta?,IA y pérdida de autonomía humana,negativo,4577,3203
2724,2023-10-14,user_68925,"La IA puede predecir nuestras emociones con una precisión inquietante. ¿Qué queda entonces de nuestra espontaneidad? La identidad en línea se construye y se desmonta como si fuera un proyecto temporal. Nada parece sólido, ni siquiera la idea de quién somos.",Cultura de lo efímero y proyectos de vida,positivo,1609,1158
2775,2023-07-31,user_87153,Todo se mueve tan rápido que incluso los recuerdos parecen caducar. La cultura de lo efímero borra cualquier intento de construir algo que perdure. La IA puede predecir nuestras emociones con una precisión inquietante. ¿Qué queda entonces de nuestra espontaneidad?,Generación Z y crisis de sentido,positivo,13114,2551
2776,2022-12-02,user_31355,"Todo se mueve tan rápido que incluso los recuerdos parecen caducar. La cultura de lo efímero borra cualquier intento de construir algo que perdure. La identidad en línea se construye y se desmonta como si fuera un proyecto temporal. Nada parece sólido, ni siquiera la idea de quién somos.",Cultura de lo efímero y proyectos de vida,positivo,15080,4069
2784,2024-04-04,user_63612,"Muchos jóvenes tienen una sensación de vacío difícil de explicar. Vivimos en un mundo hiperconectado, pero paradójicamente, cada día nos sentimos más solos. ¿Seguimos siendo sujetos libres si los algoritmos determinan qué contenido vemos y qué contenido nunca nos aparece?",IA y pérdida de autonomía humana,positivo,19532,135
2809,2022-03-02,user_99918,"Con tanta información, el desafío ya no es aprender, sino filtrar. El exceso de conocimiento puede ser una forma moderna de confusión. La presión por ser productivo todo el tiempo está quemando a una generación entera. No todo en la vida debe ser rendimiento.",IA y pérdida de autonomía humana,neutral,13371,4939
2830,2024-03-26,user_77121,"La cultura actual parece obsesionada con lo nuevo y lo inmediato, dejando poco espacio para la reflexión o el compromiso duradero. Antes los proyectos de vida eran a largo plazo; hoy parece que nuestra identidad cambia tan rápido como las tendencias en TikTok.",IA y pérdida de autonomía humana,negativo,7178,2920
2855,2024-05-11,user_87500,"La cultura actual parece obsesionada con lo nuevo y lo inmediato, dejando poco espacio para la reflexión o el compromiso duradero. La Generación Z enfrenta un dilema existencial: querer cambiar el mundo, pero estar atrapada en dinámicas de inmediatez y consumo constante.",Cultura de lo efímero y proyectos de vida,neutral,14835,4409
2902,2023-10-01,user_17777,"Cada vez que una app me recomienda qué ver o qué comprar, siento que renuncio un poco más a mi libertad de elección. La Generación Z ha heredado un mundo acelerado, caótico y saturado. Buscar sentido en medio de ese ruido es un acto filosófico profundo.",IA y pérdida de autonomía humana,negativo,7396,4024
2919,2023-07-08,user_3291,Todo se mueve tan rápido que incluso los recuerdos parecen caducar. La cultura de lo efímero borra cualquier intento de construir algo que perdure. La presión por ser productivo todo el tiempo está quemando a una generación entera. No todo en la vida debe ser rendimiento.,IA y pérdida de autonomía humana,neutral,16664,2471
2922,2023-05-31,user_28280,"Cada vez que una app me recomienda qué ver o qué comprar, siento que renuncio un poco más a mi libertad de elección. ¿Seguimos siendo sujetos libres si los algoritmos determinan qué contenido vemos y qué contenido nunca nos aparece?",IA y pérdida de autonomía humana,neutral,371,1568
2929,2023-09-20,user_38551,La presión por ser productivo todo el tiempo está quemando a una generación entera. No todo en la vida debe ser rendimiento. El ruido constante de las redes sociales hace difícil encontrar silencio interior. ¿Cómo pensar profundamente en medio de tantas distracciones?,IA y pérdida de autonomía humana,positivo,17038,3412
2950,2022-09-07,user_65456,"Muchos jóvenes sienten que el futuro es incierto, no por falta de oportunidades, sino por exceso de opciones que terminan paralizando. La relación entre la inteligencia artificial y nuestra autonomía se está volviendo difusa. ¿Hasta qué punto delegamos decisiones importantes sin darnos cuenta?",Cultura de lo efímero y proyectos de vida,neutral,11146,218
2957,2023-07-25,user_82015,"La Generación Z ha heredado un mundo acelerado, caótico y saturado. Buscar sentido en medio de ese ruido es un acto filosófico profundo. Todo se mueve tan rápido que incluso los recuerdos parecen caducar. La cultura de lo efímero borra cualquier intento de construir algo que perdure.",Generación Z y crisis de sentido,negativo,18838,4526
2993,2023-07-18,user_74474,¿Seguimos siendo sujetos libres si los algoritmos determinan qué contenido vemos y qué contenido nunca nos aparece? Los vínculos afectivos hoy son más frágiles que nunca. La inmediatez también afecta las relaciones humanas.,IA y pérdida de autonomía humana,positivo,2004,2242
2996,2023-10-05,user_70648,"La Generación Z enfrenta un dilema existencial: querer cambiar el mundo, pero estar atrapada en dinámicas de inmediatez y consumo constante. La Generación Z ha heredado un mundo acelerado, caótico y saturado. Buscar sentido en medio de ese ruido es un acto filosófico profundo.",Generación Z y crisis de sentido,negativo,2094,4381
3054,2022-08-06,user_97111,"Estamos tan acostumbrados a la recompensa instantánea que cualquier proyecto que requiera paciencia nos parece imposible. Muchos jóvenes tienen una sensación de vacío difícil de explicar. Vivimos en un mundo hiperconectado, pero paradójicamente, cada día nos sentimos más solos.",IA y pérdida de autonomía humana,negativo,9962,201
3066,2022-09-13,user_83050,"La Generación Z ha heredado un mundo acelerado, caótico y saturado. Buscar sentido en medio de ese ruido es un acto filosófico profundo. ¿Seguimos siendo sujetos libres si los algoritmos determinan qué contenido vemos y qué contenido nunca nos aparece?",IA y pérdida de autonomía humana,positivo,13282,3334
3098,2023-12-06,user_10721,"La IA puede predecir nuestras emociones con una precisión inquietante. ¿Qué queda entonces de nuestra espontaneidad? La Generación Z enfrenta un dilema existencial: querer cambiar el mundo, pero estar atrapada en dinámicas de inmediatez y consumo constante.",IA y pérdida de autonomía humana,negativo,14963,4056
3269,2022-08-19,user_64263,"La identidad en línea se construye y se desmonta como si fuera un proyecto temporal. Nada parece sólido, ni siquiera la idea de quién somos. Los algoritmos parecen conocer mis gustos mejor que yo mismo. Es inquietante pensar si realmente sigo mis propias decisiones o si son las plataformas quienes moldean mi comportamiento.",Generación Z y crisis de sentido,neutral,8782,1590
3291,2022-03-26,user_80638,"El ruido constante de las redes sociales hace difícil encontrar silencio interior. ¿Cómo pensar profundamente en medio de tantas distracciones? La Generación Z ha heredado un mundo acelerado, caótico y saturado. Buscar sentido en medio de ese ruido es un acto filosófico profundo.",Cultura de lo efímero y proyectos de vida,positivo,10061,1046
3318,2022-08-29,user_7478,Los vínculos afectivos hoy son más frágiles que nunca. La inmediatez también afecta las relaciones humanas. Todo se mueve tan rápido que incluso los recuerdos parecen caducar. La cultura de lo efímero borra cualquier intento de construir algo que perdure.,Cultura de lo efímero y proyectos de vida,negativo,6667,373
3410,2023-09-13,user_92582,"La IA puede predecir nuestras emociones con una precisión inquietante. ¿Qué queda entonces de nuestra espontaneidad? Cada vez que una app me recomienda qué ver o qué comprar, siento que renuncio un poco más a mi libertad de elección.",IA y pérdida de autonomía humana,negativo,8948,4671
3418,2024-03-04,user_89176,Estamos tan acostumbrados a la recompensa instantánea que cualquier proyecto que requiera paciencia nos parece imposible. La relación entre la inteligencia artificial y nuestra autonomía se está volviendo difusa. ¿Hasta qué punto delegamos decisiones importantes sin darnos cuenta?,Generación Z y crisis de sentido,negativo,10032,1596
3420,2022-10-28,user_42486,Todo se mueve tan rápido que incluso los recuerdos parecen caducar. La cultura de lo efímero borra cualquier intento de construir algo que perdure. El ruido constante de las redes sociales hace difícil encontrar silencio interior. ¿Cómo pensar profundamente en medio de tantas distracciones?,IA y pérdida de autonomía humana,neutral,1869,2097
3436,2022-11-27,user_62204,Antes los proyectos de vida eran a largo plazo; hoy parece que nuestra identidad cambia tan rápido como las tendencias en TikTok. No sé si la tecnología nos está liberando del esfuerzo o si nos está convirtiendo en espectadores pasivos de nuestra propia vida.,Cultura de lo efímero y proyectos de vida,neutral,19487,3774
3499,2022-04-02,user_39046,"¿Seguimos siendo sujetos libres si los algoritmos determinan qué contenido vemos y qué contenido nunca nos aparece? La cultura actual parece obsesionada con lo nuevo y lo inmediato, dejando poco espacio para la reflexión o el compromiso duradero.",IA y pérdida de autonomía humana,positivo,13314,4241
3501,2022-09-18,user_99659,"La identidad en línea se construye y se desmonta como si fuera un proyecto temporal. Nada parece sólido, ni siquiera la idea de quién somos. Los vínculos afectivos hoy son más frágiles que nunca. La inmediatez también afecta las relaciones humanas.",Generación Z y crisis de sentido,neutral,5815,2905
3519,2024-01-01,user_10877,Antes los proyectos de vida eran a largo plazo; hoy parece que nuestra identidad cambia tan rápido como las tendencias en TikTok. Los algoritmos parecen conocer mis gustos mejor que yo mismo. Es inquietante pensar si realmente sigo mis propias decisiones o si son las plataformas quienes moldean mi comportamiento.,Generación Z y crisis de sentido,negativo,7376,103
3750,2024-02-06,user_2494,"La Generación Z enfrenta un dilema existencial: querer cambiar el mundo, pero estar atrapada en dinámicas de inmediatez y consumo constante. La cultura actual parece obsesionada con lo nuevo y lo inmediato, dejando poco espacio para la reflexión o el compromiso duradero.",IA y pérdida de autonomía humana,positivo,8866,409
3802,2022-03-22,user_54900,La presión por ser productivo todo el tiempo está quemando a una generación entera. No todo en la vida debe ser rendimiento. Los algoritmos parecen conocer mis gustos mejor que yo mismo. Es inquietante pensar si realmente sigo mis propias decisiones o si son las plataformas quienes moldean mi comportamiento.,Generación Z y crisis de sentido,positivo,3349,1423
3818,2024-04-03,user_997,La IA puede predecir nuestras emociones con una precisión inquietante. ¿Qué queda entonces de nuestra espontaneidad? Antes los proyectos de vida eran a largo plazo; hoy parece que nuestra identidad cambia tan rápido como las tendencias en TikTok.,IA y pérdida de autonomía humana,positivo,7370,4035
3914,2022-04-14,user_87986,No sé si la tecnología nos está liberando del esfuerzo o si nos está convirtiendo en espectadores pasivos de nuestra propia vida. Los vínculos afectivos hoy son más frágiles que nunca. La inmediatez también afecta las relaciones humanas.,Generación Z y crisis de sentido,positivo,19553,4813
3942,2024-02-18,user_12519,"Muchos jóvenes tienen una sensación de vacío difícil de explicar. Vivimos en un mundo hiperconectado, pero paradójicamente, cada día nos sentimos más solos. La presión por ser productivo todo el tiempo está quemando a una generación entera. No todo en la vida debe ser rendimiento.",Cultura de lo efímero y proyectos de vida,positivo,18398,4962
3960,2023-07-14,user_70309,"Muchos jóvenes tienen una sensación de vacío difícil de explicar. Vivimos en un mundo hiperconectado, pero paradójicamente, cada día nos sentimos más solos. Todo se mueve tan rápido que incluso los recuerdos parecen caducar. La cultura de lo efímero borra cualquier intento de construir algo que perdure.",Generación Z y crisis de sentido,neutral,15717,881
4097,2022-08-28,user_38654,No sé si la tecnología nos está liberando del esfuerzo o si nos está convirtiendo en espectadores pasivos de nuestra propia vida. Antes los proyectos de vida eran a largo plazo; hoy parece que nuestra identidad cambia tan rápido como las tendencias en TikTok.,Generación Z y crisis de sentido,positivo,7018,444
4121,2022-08-23,user_94998,No sé si la tecnología nos está liberando del esfuerzo o si nos está convirtiendo en espectadores pasivos de nuestra propia vida. Los algoritmos parecen conocer mis gustos mejor que yo mismo. Es inquietante pensar si realmente sigo mis propias decisiones o si son las plataformas quienes moldean mi comportamiento.,Cultura de lo efímero y proyectos de vida,positivo,18496,1104
4167,2022-05-07,user_28063,Antes los proyectos de vida eran a largo plazo; hoy parece que nuestra identidad cambia tan rápido como las tendencias en TikTok. La IA puede predecir nuestras emociones con una precisión inquietante. ¿Qué queda entonces de nuestra espontaneidad?,Generación Z y crisis de sentido,positivo,3702,1692
4244,2022-03-18,user_71076,El ruido constante de las redes sociales hace difícil encontrar silencio interior. ¿Cómo pensar profundamente en medio de tantas distracciones? Antes los proyectos de vida eran a largo plazo; hoy parece que nuestra identidad cambia tan rápido como las tendencias en TikTok.,Cultura de lo efímero y proyectos de vida,positivo,16267,697
4267,2023-04-28,user_89632,A veces siento que la presión de mostrar una vida perfecta en redes sociales nos roba la oportunidad de ser auténticos. La Generación Z vive entre expectativas irreales y una búsqueda constante de validación. ¿Seguimos siendo sujetos libres si los algoritmos determinan qué contenido vemos y qué contenido nunca nos aparece?,Cultura de lo efímero y proyectos de vida,positivo,10326,1675
4309,2022-03-17,user_35274,"La relación entre la inteligencia artificial y nuestra autonomía se está volviendo difusa. ¿Hasta qué punto delegamos decisiones importantes sin darnos cuenta? La Generación Z enfrenta un dilema existencial: querer cambiar el mundo, pero estar atrapada en dinámicas de inmediatez y consumo constante.",IA y pérdida de autonomía humana,positivo,15940,3095
4373,2022-06-30,user_80752,"Los algoritmos parecen conocer mis gustos mejor que yo mismo. Es inquietante pensar si realmente sigo mis propias decisiones o si son las plataformas quienes moldean mi comportamiento. Muchos jóvenes tienen una sensación de vacío difícil de explicar. Vivimos en un mundo hiperconectado, pero paradójicamente, cada día nos sentimos más solos.",Cultura de lo efímero y proyectos de vida,neutral,10299,3139
4429,2023-07-01,user_18716,"Estamos tan acostumbrados a la recompensa instantánea que cualquier proyecto que requiera paciencia nos parece imposible. Muchos jóvenes sienten que el futuro es incierto, no por falta de oportunidades, sino por exceso de opciones que terminan paralizando.",IA y pérdida de autonomía humana,negativo,6004,349
4470,2023-02-10,user_9592,"La identidad en línea se construye y se desmonta como si fuera un proyecto temporal. Nada parece sólido, ni siquiera la idea de quién somos. El ruido constante de las redes sociales hace difícil encontrar silencio interior. ¿Cómo pensar profundamente en medio de tantas distracciones?",Generación Z y crisis de sentido,neutral,3523,1816
4509,2024-02-04,user_34335,La IA puede predecir nuestras emociones con una precisión inquietante. ¿Qué queda entonces de nuestra espontaneidad? ¿Seguimos siendo sujetos libres si los algoritmos determinan qué contenido vemos y qué contenido nunca nos aparece?,Generación Z y crisis de sentido,neutral,5482,3904
4877,2022-05-08,user_18800,"La relación entre la inteligencia artificial y nuestra autonomía se está volviendo difusa. ¿Hasta qué punto delegamos decisiones importantes sin darnos cuenta? La identidad en línea se construye y se desmonta como si fuera un proyecto temporal. Nada parece sólido, ni siquiera la idea de quién somos.",Generación Z y crisis de sentido,negativo,10467,2368
4893,2022-09-02,user_48486,Los vínculos afectivos hoy son más frágiles que nunca. La inmediatez también afecta las relaciones humanas. Antes los proyectos de vida eran a largo plazo; hoy parece que nuestra identidad cambia tan rápido como las tendencias en TikTok.,IA y pérdida de autonomía humana,negativo,309,4712
4912,2022-04-25,user_6226,"La IA puede predecir nuestras emociones con una precisión inquietante. ¿Qué queda entonces de nuestra espontaneidad? La Generación Z ha heredado un mundo acelerado, caótico y saturado. Buscar sentido en medio de ese ruido es un acto filosófico profundo.",Cultura de lo efímero y proyectos de vida,negativo,7528,3474
4914,2022-08-14,user_55575,"Muchos jóvenes sienten que el futuro es incierto, no por falta de oportunidades, sino por exceso de opciones que terminan paralizando. Con tanta información, el desafío ya no es aprender, sino filtrar. El exceso de conocimiento puede ser una forma moderna de confusión.",IA y pérdida de autonomía humana,positivo,321,3399
4915,2025-12-18,yt_user_@carolinaf,"Llevo viendo los vídeos de ""aprendemos juntos"" de BBVA todo el año, y los escucho todas las noches. Me han aliviado de una manera grande la tristeza que llevo por dentro, me han hecho cambiar de mentalidad en muchos aspectos y de verdad querer ser mejor persona y hacer mejor está sociedad, de verdad muchas gracias, no dejen de hacerlos, no saben el impacto tan positivo que tienen, gracias gracias ❤",Crisis de sentido,positivo,6.9 K,0
4916,2025-12-18,yt_user_@VictorMar,"Solo con la intro, es épico! La filosofía pregunta, la psicológia explica y el arte expresa",Crisis de sentido,negativo,6.8 K,0
4917,2025-12-18,yt_user_@hector_sh,"""El ser Humanos está dispuesto a  sufrir a condición de que el sufrimiento tenga sentido""
                                                       -Farid Dieck",Crisis de sentido,positivo,2 K,0
4918,2025-12-18,yt_user_@luisramon,"Sospechaba que Dieck, no era un simple analista de películas, libros, y otros.   Sino una Eminencia en Filosofía y Psicología y Arte de Expresar..  WOOOW",Crisis de sentido,neutral,239,0
4919,2025-12-18,yt_user_@nando35,AQUÍ LOS QUE TUVIMOS UN PASADO NO TAN FELÍZ PERO GRACIAS A DIOS ESTAMOS SALIENDO ADELANTE Y ÉSTOS VIDEOS SON UNA TERAPIA MUY BUENA EN NUESTRA VIDAS,Crisis de sentido,positivo,50,0
4920,2025-12-18,yt_user_@fannyhall,"Gracias, gracias, gracias a BBVA por fomentar la salud mental a través de grandes exponentes y gracias a Farid por esas últimas lágrimas, muestra de su gran humanismo e interés por hacer un mundo humano mejor. ❤❤❤",Crisis de sentido,positivo,417,0
4921,2025-12-18,yt_user_@giorgiofl,"Nomas con la introduccion durante los primeros 2 mins tuve para llorar, maldito Farid, eres una chingoneria.",Crisis de sentido,negativo,5,0
4922,2025-12-18,yt_user_@mildredle,"""Lo que más le hace falta al mundo, es lo que cada uno de nosotros ha venido a darle"" 💖 Wow, qué hermoso! Gracias por tus reflexiones 21:04",Crisis de sentido,positivo,438,0
4923,2025-12-18,yt_user_@SivodniaD,"Mucha gente dice: ""las cosas pasan por algo"", pero mi mamá me dijo un día que ""las cosas pasan PARA algo""... le tengo más fe a las palabras de mi mamá porque al decir que las cosas pasan ""por algo"" es como hablar en el pasado... cómo que le perdemos el poder del Ahora, por ende prefiero de decir ""las cosas pasan PARA algo"", es decir estoy en el presente y el presente es lo único que tenemos... el Tiempo es relativo... solo existe el Presente; al decir que las cosas pasan para algo me mentalizo que estoy a tiempo de hacerme responsable de mis acciones. Gracias mamá por tus sabias palabras.",Crisis de sentido,neutral,143,0
4924,2025-12-18,yt_user_@NYCSS1974,"Este joven es La prueba de que los jóvenes tienen mucho para aportar al mundo, solo tienen que pensar en aportar al mundo y NO solo pensar en recibir del mundo: ""fama, lujo, dinero,  extravagancias, poder, etc.""  Pilas Jóvenes,  sigan buenos ejemplos",Crisis de sentido,neutral,350,0
4925,2025-12-18,yt_user_@evelynsif,"¡Orgullo mexicano, orgullo joven! ✨ 
¡Gracias por invitar a Farid! ❤",Crisis de sentido,positivo,477,0
4926,2025-12-18,yt_user_@esmemad,"Este video fue un regalo de la vida, mi hermano falleció hace 10 meses era el pequeño y sentía justo lo que dice Farid el dolor de mis padres , su esposa , mi sobrina y el mío y muchas veces hasta me siento mal de sentirme mal porque pienso que ellas la están pasando peor y que no tengo derecho de sentirme así, dos meses después muere mi papá lleva 8 meses de haber trascendido y hace un poco más de 40 días mi papá de crianza a todos los amaba profundamente y es difícil salir del espiral del dolor, y este video significa mucho para mi Farid es una persona que en su búsqueda del sentido de la vida nos ha acompañada y en la búsqueda de la nuestra",Crisis de sentido,negativo,135,0
4927,2025-12-18,yt_user_@Aprendemo,¡Hola! Muchas gracias por compartir tu comentario con nosotros. Nos da gusto saber que los contenidos de Aprendemos juntos te son de utilidad. Abrazo fuerte de parte de todo el equipo. 💙,Crisis de sentido,positivo,310,0
4928,2025-12-18,yt_user_@PaolaXd-q,​ @AprendemosJuntos_mex  querremos más conferencias de Faridieck,Crisis de sentido,neutral,0,0
4929,2025-12-18,yt_user_@ANnA-GrMZ,"Me toca, lo que dices de la tristeza porque a mi me pasaba que sentía de repente una tristeza que se volvio habitual,  lloraba y a veces no paraba, me iba al pasado y al futuro para llorar con motivo o por un motivo. Pero empece a sentirla venir, y de repente me daba cuenta que estaban mis ojitos otra vez llorando. Hace poco hasta la salude me di cuenta que estaba ahì,  en mi, y que es un sentimiento y que  son recuerdos, sentimientos pasados, emociones que se activan con todo y con nada. Pero al llamarlo con nombre propio ""un sentimiento de tristeza"" es como si se hace visible y lo puedes comprender con toda tu alma y se va y  sentiras tristeza de nuevo pero es como si ya no fuera la misma. Las tristezas nuevas son del presente, del tiempo presente, reales...",Crisis de sentido,neutral,67,0
4930,2025-12-18,yt_user_@Leon-p1i4," @ANnA-GrMZ  Permiteme decirte esto Anna, . . estamos conectados en mente y alma con nuestros seres queridos e inclusive con seres que transitan muy cerca a nosotros pero esto ultimo de seguro no tiene que ver con lo que estas pasando. Lo más probable es que estés sintiendo las emociones de tristeza de alguna persona que conoces o que has conocido, si esta en algún momento pensó en ti ahí esta esa especie de llamada interna. No te desesperes es querer saberlo de inmediato, siente lo que tengas que sentir pero sobre todo continúa viviendo y aprendiendo de la vida. Saludos,",Crisis de sentido,neutral,0,0
4931,2025-12-18,yt_user_@Melquicid,"""Buscar significado con nuestras VIDA""  me GUSTO,   convertirnos en el ""SENTIDO""",Crisis de sentido,positivo,9,0
4932,2025-12-18,yt_user_@MariaSlow,"Si 
La verdad que son una gran terapia, a mí me ayudan mucho , algunos me hacen reír, otros ver la vida desde otra perspectiva, de todos se aprende algo.
Saludos desde Bogotá Colombia",Crisis de sentido,positivo,8,0
4933,2025-12-18,yt_user_@planetave,Podría  saber  tu experiencia?,Crisis de sentido,neutral,6,0
4934,2025-12-18,yt_user_@jorgeroja,"Que grande farick, que gran experiencia y forma de afrontar la muerte",Crisis de sentido,negativo,4,0
4935,2025-12-18,yt_user_@inesmanci,"Abrazo tu soledad y tu trizteza y me pongo en tus zapatos por qué me e sentido así muchas veces,y también se que no es como de que hechale ganas hay veces que el.dolor puede más ,pero Lo que si se y estoy segura es que estamos en este mundo para un propósito,y a veces pedimos milagro sin darnos cuenta que s""Somos el milagro""",Crisis de sentido,negativo,2,0
4936,2025-12-18,yt_user_@edithorte,"Hola aunque ya pasaron tres meses pero te puedo preguntar si sigues triste, a qué se debe? Si me lo permites? Quizás yo pueda ayudarte. 
Gracias",Crisis de sentido,positivo,1,0
4937,2025-12-18,yt_user_@concepcio,Gracias también a mí me han ayudado mucho en diferentes aspectos,Crisis de sentido,positivo,0,0
4938,2025-12-18,yt_user_@luciauren,Siento que es como todo el sentido por el que surgió la trilogía “el arco de la guadaña””.,Crisis de sentido,neutral,0,0
4939,2025-12-18,yt_user_@jorgeandr,"Aprenda solo ha pensar ....Autoestima.....caridad,misericordia, Amor",Crisis de sentido,neutral,0,0
4940,2025-12-18,yt_user_@deysikell,"Me permito conmentarte algo con mucho carino, creo que lo estas viviendo (sintiendo) o experimentando es un proceso que manifiesta que estas CRECIENDO EN TODO SENTIDO <3 ánimo, asi como eres capaz de idenficar filosoficamente tu tristesa asi tbn tomaras la decisión de controlar tus emociones.",Crisis de sentido,negativo,6,0
4941,2025-12-18,yt_user_@Magdis_Pl,"Filosofía,  psicología y arte.... muy bien dicho... que fueran planes educativos en todo los niveles académicos... sobre todo en poblados donde existe alto índice de violencia 😢",Crisis de sentido,neutral,16,0
4942,2025-12-18,yt_user_@fernandof,Creo que una respuesta seria que trataras de ayudar.  si lo tienes todo ayuda a quien no tienen nada es cierto que dar a los demas llena el alma y el corazon,Crisis de sentido,positivo,33,0
4943,2025-12-18,yt_user_@ApplelbbA, @fernandofranco330  lindo consejo :) gracias si intento llevarlo en práctica!,Crisis de sentido,positivo,4,0
4944,2025-12-18,yt_user_@tatianali,"Busca ayuda en Eleia. Interesate por ti, tente curiosidad, conócete, mejorate y cuenta contigo. Pero busca ayuda para que te saquen de esta situación, date la oportunidad de enriquecer tu existencia, encuentra tu sentido. Y luego nos cuentas. Yo he estado así... Si puedes.",Crisis de sentido,positivo,14,0
4945,2025-12-18,yt_user_@ledapicad,Hola. Tu dolor es tan palpable que llego a mi corazón.  Deseo encuentres las herramientas que la vida tiene para que lo puedas aliviar.,Crisis de sentido,neutral,10,0
4946,2025-12-18,yt_user_@carolinam,"Solo por hecho de existir demuestra lo importante que eres en esta vida. Yo creo en Dios y creo que nuestras vida tiene mucho sentido aunque es dificil reconocerlo. Se que Dios nos ama. Admira la naturaleza y ve cuanto Dios nos ama. La vida es hermosa, solo debemos aceptar lo inaceptable.",Crisis de sentido,neutral,7,0
4947,2025-12-18,yt_user_@capellani,"Deberías buscar ayuda psicológica porque no es normal sentirse perdido en vida siempre, te lo digo por experiencia, la psicoterapia es reveladora",Crisis de sentido,neutral,32,0
4948,2025-12-18,yt_user_@ApplelbbA, @capellaniacasam2758  gracias pero no me siento perdida siempre es solo en algunos momentos :),Crisis de sentido,neutral,8,0
4949,2025-12-18,yt_user_@ApplelbbA,"Oigan gracias a todos, la verdad escribí eso en un momento muy duro de mi vida, ya me siento mucho mejor, leer me ha ayudado muchísimo y es que estaba en una depresión posparto que no me permitía salir, hoy poco a poco veo las cosas dulces de la vida y no sólo las veo sino que las puedo apreciar que era mucho lo que me faltaba, agradezco los comentarios de tantas personas que sin conocerme me han dado una palabra de ánimo, un abrazo!",Crisis de sentido,positivo,4,0
4950,2025-12-18,yt_user_@MarcosDom,Cuando la mente de un humano piensa profundamente se pregunta muchas cosas y analiza muchas cosas y puede pensar que sentido tiene todo ..a mis 18 años dije viviré aunque en ese momento sentía todo sin sentido ..y aquí estoy siempre curioso con el ambiente que me rodea ...recomiendo la dama contacto con la naturaleza ..caminar .correr ..hacer ejerció ayuda,Crisis de sentido,positivo,2,0
4951,2025-12-18,yt_user_@GabrielPe,cada que puedas sigue viendo este video para qur encuentres más palabras que le sigan dando a tu vida diaria. tienes mucho quehacer en esta vida lo estás haciendo bien pero como lo dice Farid sigue buscando sentido a tu vida y eso se  hace con ayuda profesional y con mucho esfuerzo tuyo porque tienes tú responsabilidad de hacerlo. Lo estás haciendo muy bien te mando un gran abrazo,Crisis de sentido,positivo,2,0
4952,2025-12-18,yt_user_@adolfolaz,"Es mi experiencia,  a mi me sirve la oración.  Saludos",Crisis de sentido,neutral,2,0
4953,2025-12-18,yt_user_@aracelimo,"Si necesitas ayuda psicológica, conozco una muy profesional y humana, muy preparada que en su momento me ayudó muchísimo, para llegar a ella me costó pasar por varias, supuestamente preparadas, pero tristemente no cualquiera es realmente una persona comprometida en sacar adelante a su paciente",Crisis de sentido,positivo,1,0
4954,2025-12-18,yt_user_@RuthPinto,"Muchas veces , sentirse vacio es un dolor , una lucha de dia a dia, y donde esta el porque? Nunca te lo has preguntado, una vez escuche de una persona mayor, estudiada, que el mayor desafio del ser humano es conocerce uno mismo, quiere decir que somos capaces de aprender, pero de no visualizar dentro de nosotros. No digo que lo que te pasa es malo, es normal que uno se sienta triste, es parte del ser humano, sentirnos asi con respecto, a las situaciones que pasan en la vida o con uno mismo. Aveces ni uno entiende porque se sienten asi tristes, enojados , cansados, pero esto ocurre porque no vemos mas alla de estas cosas, no vemos mas alla de nosotros. Es un proceso duro , pero no imposible. Puedes llorar esta bien, pero no te dejes ahogar en tu propio vaso de agua .",Crisis de sentido,neutral,1,0
4955,2025-12-18,yt_user_@jorgezero,"Depende de que edad temgas, pero has de crear un objetivo y llegar a el a largo plazo a travez fe objetivos pequeños, y de pronto ese sera tu rumbo y sentido en la vida, la vida solo tiene sentido por 3l sentido que le damos😃😃😃",Crisis de sentido,neutral,0,0
4956,2025-12-18,yt_user_@deisypala,"Creo que todos nos hemos sentido así en algún momento de nuestras vidas. Lo importante es que hemos logrado aceptarlos, no negarlos ni bloquearlos, aceptarlos y seguir adelante. Un abrazo para ti.",Crisis de sentido,positivo,0,0
4957,2025-12-18,yt_user_@Yhey.L,"Busca sobre Logoterapia, busqueda de sentido y propósito",Crisis de sentido,neutral,0,0
4958,2025-12-18,yt_user_@Elider97,"Si te sientes perdida, es por q no estas en el camino correcto, en esta vida creamos muchos caminos y aveces creemos que el q tomamos es el correcto, pero si lo fuera serias feliz por eso te invito a conseguir el unico camino que existe para q no te sientas mas perdida ""JESUS DIJO YO SOY EL CAMINO LA VERDAD Y LA VIDA"" no hay vida ni caminos fuera de el los demás los creamos nosotros mismos y por eso nos perdemos
El camino de Jesucristo es amar al prójimo y vivir en los mandamientos de Dios que nos dan el sentido a esta vida por q el creo la Vida.",Crisis de sentido,positivo,0,0
4959,2025-12-18,yt_user_@antoniope,"Hola tomaré su propias palabras, NO SÉ SI  VEAS ALGUN DÍA MI COMENTARIO.,  Quizás farik lo haga Quizás no.   
Vos decis que lo tenes todo, !! DETENTE UNOS MINUTOS Y MIRA AFUERA Y VERAZ MILES Y MILES DE PERSONAS SUFRIENDO POR RAZONES TANGIBLES, .... CANCER, EMFERMEDAD, POBREZAS, HAMBRE, INJUSTICIAS. ......   mira al cielo y dale gracias al universo. A dios  porque mientras vos lloras en su baño ..... muy cerca a vos miles sufren x no tener un poquito de lo que vos tenes.",Crisis de sentido,positivo,0,0
4960,2025-12-18,yt_user_@gisellego,"La filosofia pregunta y explica, la psicologia a traves de su explicacion nos hace entender y el arte nos hace sentir.",Crisis de sentido,neutral,11,0
4961,2025-12-18,yt_user_@DinoXz, @gisellegonzalezcollao7266  confundiste filosofía con ciencia y psicología con filosofía amigo.,Crisis de sentido,neutral,4,0
4962,2025-12-18,yt_user_@emiliocop,"Creo que quedaria mejor la frase como La filosofia pregunta, la ciencia responde y el arte expresa",Crisis de sentido,neutral,2,0
4963,2025-12-18,yt_user_@CARLOSMEN,Así es como buen izquierdista jajajajajajaj​ @claudiaalejandrapanccacahu2288 ,Crisis de sentido,neutral,0,0
4964,2025-12-18,yt_user_@W.U.G,"La filosofía pregunta y responde, la psicólogia solo explica la mente humana no el absurdo de la vida. Pero juntas es buena para tratar con humanos",Crisis de sentido,positivo,102,0
4965,2025-12-18,yt_user_@DinoXz," @W.U.G La filosofía es subjetiva es para cuestionar y de ahí encontrar verdades propias, la psicología es conductismo parece sistema que busca en otras ciencias la respuesta para diagnosticar y después volver a las otras ciencias para buscar curas para esos mismos diagnósticos",Crisis de sentido,positivo,7,0
4966,2025-12-18,yt_user_@Canoflack,y la biblia lo tiene todo,Crisis de sentido,neutral,1,0
4967,2025-12-18,yt_user_@antho5452,"Es una frase bonita pero solo para marketeo, Por que en sí esas ciencias no dan respuesta a nada.",Crisis de sentido,negativo,1,0
4968,2025-12-18,yt_user_@jesusgast,"Los temas filosóficos generan más preguntas que respuestas.
El sentido de la vida es lo más íntimo de la condición humana y depende de nosotros encontrar respuestas.",Crisis de sentido,positivo,1,0
4969,2025-12-18,yt_user_@CARLOSMEN,​ @jesusgastelumtorres3176 así es.. por eso los sabios no son los que dan respuestas si no los que hacen preguntas. Por eso entre ciencia y el tema filosófico el sabio es filosofía y no la ciencia porque da respuestas entre las preguntas que se hacen los que se las hacen jajajaj,Crisis de sentido,neutral,0,0
4970,2025-12-18,yt_user_@takeiteas,"Buena la frase, tambien me gusta la frase de ""el arte es la expresion consciente del yo, la ciencia del nosotros"", resaltando que el arte atraves de una expresion consciente de ideas estructuradas con sentido nos permite comunicar nuestra subjetividad objetivizando nuestro mensaje, y la ciencia no es tan diferente solo que esta es una que nos pertenece a todos, resaltando asi la importancia de que la informacion este al alcance de todos al igual que casa pastilla, cirugia y tecnologia que de pie a una sociedad mas justa y prospera... Un mundo mejor""""""",Crisis de sentido,neutral,14,0
4971,2025-12-18,yt_user_@marcialin,"Totalmente. Pensé lo mismo y definitivamente, uno lo ve completo, y vuelves a verloooo 😮y analizarlo. Es genial y claro.",Crisis de sentido,positivo,1,0
4972,2025-12-18,yt_user_@anavictor,"Te recomiendo leer el libro ""el hombre en busca de sentido"" de Viktor Frankl , habla mucho de eso y el Dr. Frankl plasma esta frase en su libro",Crisis de sentido,neutral,68,0
4973,2025-12-18,yt_user_@MyAmerica,​ @anavictoriamoncadahernande8581 el joven ya se la atribuyó al entrevistado. 😂,Crisis de sentido,neutral,14,0
4974,2025-12-18,yt_user_@laifiru93,Sufrir sin sentido es de cobardes,Crisis de sentido,neutral,4,0
4975,2025-12-18,yt_user_@fachumia,"en realidad, nunca es sin sentido, puedo no tenerlo claro, pero siempre  razòn y motivo.",Crisis de sentido,positivo,2,0
4976,2025-12-18,yt_user_@atuk_Alex,"Lo cual me parece ridículo! Solo una persona que ha caído en la inconsciencia puede pensar en aquello, y alguien que se ha vuelto esclavo de su propia mente!",Crisis de sentido,negativo,1,0
4977,2025-12-18,yt_user_@EntropyX_," @atuk_Alex  Me gusta mucha tu punto y me gustaría que lo discutiéramos si gustas ya que no se si estoy de acuerdo o no.

""El ser Humanos está dispuesto a  sufrir a condición de que el sufrimiento tenga sentido""

Dices que: ""una persona que ha caído en la inconsciencia puede pensar en aquello"", es decir,  aquellos que sufren sin saber por que o para que, o no son conscientes de su sufrimiento, eso me parece que dices, o en otras palabras; solo personas que no se detienen a reflexionar sobre sus acciones y el producto (el sufrimiento en este caso) que dichas acciones genera y el significado y valor de la misma. Por tanto, entiendo que lo contrario a esto seria una persona que es consciente de su sufrimiento, como de su significado y valor de este. Si esto es así, ¿ser consciente del sufrimiento te hace renegar de el e imposibilita el sufrir por una causa o por un sentido, según tu? Si así es como piensas no estoy de acuerdo, ¿Dónde quedan todos los ejemplos de sacrificios humanos que a costa de su bienestar buscaron un objetivo que según ellos valía la pena? Santos, mártires, héroes de guerra, hasta terroristas y demás personas que pueden entregar su vida en pos de un sentido? O las personas que estuvieron en campos de concentración y buscaron sobrevivir por el sentido la libertad, lo mismo que secuestrados, etc... personas que deciden vivir luego de una experiencia traumática por que consideran que la vida todavía tiene sentido?  Son acaso ellos también ""una persona que ha caído en la inconsciencia"". 
Tal vez me equivoque y solo sea un ejemplo de la inconsistencia del lenguaje que menciono farid, al igual me gustaría entender tu punto y lo que defiendes, como tambien estoy dispuesto a cambiar mi punto de vista.

En donde si podría encontrarle sentido es que; si bien podríamos sufrir por un supuesto ""bien mayor"", seria y como tu bien mencionaste, ""esclavos de tu propia mente"", ya que esto es debido a creencias o ideologías que bien podrían no estar en lo cierto. Por otro lado siento que es generalizar el que ""El ser humano esta dispuesto a sufrir a condición de que..."" Si mi sentido de vida es evitar el sufrimiento, porque no le encuentre sentido a sufrir por un bien mayor o carezca de este, no veo por ejemplo como podría mantenerse la premisa. Al final tendríamos que partir de encontrar sentido en algo, por tanto los nihilistas quedaríamos sin una respuesta todavía, o sin razón para sufrir (o sentir que sufrimos por algo que lo vale y por tanto nuestro dolor este justificado).",Crisis de sentido,positivo,0,0
4978,2025-12-18,yt_user_@neosugus,El sufrimiento forma parte de la existencia... ni mas ni menos...,Crisis de sentido,neutral,1,0
4979,2025-12-18,yt_user_@diegomart,"Una vida donde el sufrimiento tenga sentido es una mierda,una sarna que no vale nada,es mejor ser nada y ya",Crisis de sentido,positivo,1,0
4980,2025-12-18,yt_user_@sakurasta,"Hay que valorar las enseñanzas que nos dejan los demás: aprender de sus errores, aplicar sus enseñanzas y seguir mejorando uno mismo.
Yo admiro las enseñanzas que da Farid en sus videos, si algo no sirve lo dejo pasar y si vale la pena aprendo de una o otra manera... Recuerden que Farid es una persona imperfecta igual que nosotros. Sólo agradezcamos si hemos aprendido algo y sino sirve olvidemos. 😅 Buenas vibras para todos.
Pdata: sólo es mi opinión, no lo escribo para cambiar tu opinión, sólo lo escribo para ayudar, sino te sirve déjalo pasar 😜",Crisis de sentido,positivo,2,0
4981,2025-12-18,yt_user_@stik060, @sakurastayst3783  Muchas gracias es un gran consejo 🫰,Crisis de sentido,positivo,1,0
4982,2025-12-18,yt_user_@Aprendemo,"¡Hola! Muchas gracias por compartirnos tu comentario, te esperamos en los siguientes contenidos de Aprendemos juntos México. 💙",Crisis de sentido,positivo,32,0
4983,2025-12-18,yt_user_@cristian1, @manuelpozo7996  La ciencia demuestra y comprueba.,Crisis de sentido,neutral,10,0
4984,2025-12-18,yt_user_@KARA-IA,"Existe un camino para pasar de 1 a 100, y es recorrer cada paso,  esto no es magia, es trabajo mucho esfuerzo, pero evidentemente no todos lo podran hacer, no todos lograran el objetivo de llegar al ultimo peldaño, no por que no quieran, es por que no todas podrán, circustancias,  circulo social, cando dice que el hermano de él hacia un doctorado en Honkong, dice mucho de su posición economica de su familia, y otro joven quizas no termina la eduación primaria, no por que quiera, si no por que no pudo más.",Crisis de sentido,neutral,9,0
4985,2025-12-18,yt_user_@angelamar,"​​ @KARA-IA De una cierta forma si Es muy real  lo que dices...y no es una excusa, tampoco falta de positivismo o algo asi!! Creo que de una parte si que hay quienes como en este caso han tenido el privilegio de una educación que es mucho mas desarrollada en cuanto a la libertad de expresión y criterio y esa es una porción de personas y alli hay influencia del recurso financiero, y aquel ambiente socio cultural en donde se ah  desarrollado la persona ;sin duda alguna. Sin embargo también hay un complemento innegable con Farid Dieck y es que este hombre tiene un gran talento propio que lo distingue mismo de sus colegas, es un pensador nato, analiza, y abarca desde su experiencia propia una cantidad de aspectos humanos de una forma como dice el mismo filosofíca, logica y una expresión muchas veces artistica que es unica, es de él!!! Su don, su sello personal. Y eso si hay que aceptarlo que en la historia de la humanidad grandes lideres, comunicadores, pensadores y humanistas que también se buscaron su desarrollo apesar de no haber tenido ciertas ventajas creyeron en su talento y en como podía influir de una forma positiva a mejorar la sociedad, forjaron su camino enfocando esas capacidades, formandolas, aprovechando oportunidades que se dan en el plano profesional, social  o actual ( redes sociales, etc.) Nada sucede por simple suerte creo  este seria el caso.
 Personalmente me encanta el sr. Farid Dieck. Creo esta preparado profesionalmente en sus diferentes actividades y es un ser muy muy humano cuando busca enseñar algo.",Crisis de sentido,positivo,2,0
4986,2025-12-18,yt_user_@Ichbinnur,"Todos fuimos jóvenes y creímos que veníamos a cambiar el mundo. Esta historia se repite con cada generación, que repite lo mismo que la anterior con palabras levemente distintas. Quiero decir: no te hagás ilusiones.",Crisis de sentido,neutral,1,0
4987,2025-12-18,yt_user_@Vced18,"""El hombre en busca de sentido"".",Crisis de sentido,neutral,7,0
4988,2025-12-18,yt_user_@leocastil,"Tío eres un crack, tienes un corazón noble. Gracias a jóvenes como tú hay esperanza en el mañana",Crisis de sentido,positivo,1,0
4989,2025-12-18,yt_user_@AriadnaDi,"Gracias BBVA por traernos a Farid Diek, ahora comprendo que ""el sentido es serlo y no buscarlo"".",Crisis de sentido,positivo,170,0
4990,2025-12-18,yt_user_@Francisco,"Gracias ,por ser parte de un dignificado.",Crisis de sentido,positivo,0,0
4991,2025-12-18,yt_user_@santiag09,"Futuralgia:

Duelo por un futuro que no será
Por las risas que no resonarán
Por los abrazos que no se darán 
Por un caminar juntos que no pasará.

Es la futuralgia profunda y certera
Una tristeza por lo que no espera.

Por cada plan que se desvaneció
Por cada parte de mí que se perdió

No es nostalgia, pues no hubo pasado
Es dolor por un futuro arrebatado

Una melancolía por lo que pudo ser
Una pena que persista al amanecer.

Así vive el corazón en su lamento
Añorando un tiempo que fue llevado por el viento.

Futuralgia, un nombre a la medida
Para el dolor de una vida, no vivida.

- Farid Dieck",Crisis de sentido,negativo,604,0
4992,2025-12-18,yt_user_@GOATS____,"Pues si no lo eres aún, creo que no está en decir me quiero  ""preparar"" sino en serlo o en construir eso que quieres ser, pero si piensas que lo llegaras a ser en algún momento o que sucederá por arte de magia, nunca lo serás, pienso que tienes que construir esa futura persona que quieres ser pero solo se construye siendo desde hoy lo que quieres ser, de manera que cuando lo llegues a ser ni te darás cuenta.",Crisis de sentido,negativo,2,0
4993,2025-12-18,yt_user_@davidapar,"Todos los q tengáis este sueño deseo q lo cumplais pero para cumplirlo hay q hacer cosas todos los días que os acerquen a él, sin miedo a nada, total nadie vamos a salir vivos de aquí no perdemos nada por intentarlo, no hay nada q perder pq no hay nada.",Crisis de sentido,negativo,1,0
4994,2025-12-18,yt_user_@marlenyca,"Coincidimos totalmente. También es mi sueño y objetivo en esta vida por eso este año retomé mis estudios a pesar de la IRC, que me diagnosticaron hace 7 años.",Crisis de sentido,positivo,1,0
4995,2025-12-18,yt_user_@Sonia-df5,Ya aportas con tu existencia. Gracias 🎉,Crisis de sentido,positivo,1,0
4996,2025-12-18,yt_user_@deisygome," @amjacamusica literal, me atrapa su forma de analizar y ver sentido en peliculas que para nosotros como expectantes solo es distraccion pero muy rara vez reflexion. Mis respetos para este caballero.👏🏻👏🏻👏🏻👏🏻",Crisis de sentido,negativo,4,0
4997,2025-12-18,yt_user_@IselFonse,Yo pienso que es increible.. como sabe.. gracias por tenerlo en nuestras vidas,Crisis de sentido,positivo,2,0
4998,2025-12-18,yt_user_@doctoralg,"Se expresa muy bien y tiene un dominio total de la palabra , eso lo hace diferente.
Es alguien que acoge a la audiencia con su tono amable y distinguido, haciendo más fácil entender para muchos lo inentendible.",Crisis de sentido,neutral,0,0
4999,2025-12-18,yt_user_@alexiaflo,"Yo si, tiene mucha fljides y coherencia, inteligencia",Crisis de sentido,neutral,0,0
5000,2025-12-18,yt_user_@saidmbrah,si alguien era ya no lo es….  con el desmadrito que trae con su novia 😂,Crisis de sentido,neutral,0,0
5001,2025-12-18,yt_user_@MG-r9r,"NO, ningún buen Psicólogo puede y debe llorar ante sus pacientes y menos en una conferencia, eso muestra que es más vulnerable de lo que quiere enseñar 🙃",Crisis de sentido,neutral,0,0
5002,2025-12-18,yt_user_@darvinmen,Yo soy FAN de Jesucristo...nada ni nadie fuera lo que es sin su gracia😊,Crisis de sentido,neutral,0,0
5003,2025-12-18,yt_user_@saidmbrah, @omarsauro que tienes que decir acerca de su novia… - se empino solito con todo y su psicologia,Crisis de sentido,neutral,1,0
5004,2025-12-18,yt_user_@Aprendemo,¡Gracias por dejarnos tu comentario! ¡Sin duda esta charla de Farid ha dejado eco en nuestros corazones!,Crisis de sentido,positivo,24,0
5005,2025-12-18,yt_user_@FernandaA,Gracias por transcribirlo ❤,Crisis de sentido,positivo,4,0
5006,2025-12-18,yt_user_@soniaatia,Gracias Farid! Cuanta verdad en cada frase de este poema😢🌻. Sacudió mi alma y mi dolor 🌻🌻! Busco el sentido para qué mis dos hijios se fueron antes😢 y sigo adelante.....🌻🌻,Crisis de sentido,positivo,3,0
5007,2025-12-18,yt_user_@SandraAbi,"Viene de una familia acomodada, con dinero y tiempo de sobra puedes ser la persona que quieras.",Crisis de sentido,neutral,3,0
5008,2025-12-18,yt_user_@blacktech, @SandraAbigalJimenezdeLuna  eso es relativo conozco a muchos que vienen de familias super millonarias y no tienen ni un popcorn como cerebro,Crisis de sentido,neutral,7,0
5009,2025-12-18,yt_user_@KarlaOrdo,"​ @SandraAbigalJimenezdeLuna no le veo sentido a tu absurdo y bano comentario, creo que tiene suna vida muy bacia, para tener esta clase de ideas.",Crisis de sentido,positivo,2,0
5010,2025-12-18,yt_user_@linabumoa,"​ @SandraAbigalJimenezdeLuna  El ser acomodado o rico no le quita el mérito a esta persona. Hay gente con recursos materiales inmensos que no sabe que hacer con ellos y con su vida interior. Farid es una persona que sabe para qué es el recurso y el conocimiento, que finalmente es la mayor riqueza",Crisis de sentido,positivo,0,0
5011,2025-12-18,yt_user_@isabelizq,"Es mi Marco Aurelio actual....🎉 Gracias a Dios por tu vida, eres grande...cada palabra tuya es un bálsamo para todo aquel que te escucha ... gracias gracias...ser sentido...ser significado...eres inspiración pura❤",Crisis de sentido,positivo,1,0
5012,2025-12-18,yt_user_@lilianazu,"Solo una persona tan sensible es capaz d transmitir tantas enseñansas ,emociones ,quédate tranquilo Farid estas haciendo un excelente trabajo y eres un ser extraordinario GRACIAS MILES❤",Crisis de sentido,positivo,48,0
5013,2025-12-18,yt_user_@martincas,"56:54  Gracias por compartir ese poema con nosotros, gracias por existir Farid y por querer seguir existiendo. Yo tampoco pierdo la esperanza de hacer de este mundo un lugar mejor.",Crisis de sentido,positivo,53,0
5014,2025-12-18,yt_user_@alfredoye,"Me encantó, he visto muchos vídeos de BBVA aprendemos juntos que han cambiado mi vida, este me encanto porque va con mi ser, mi base, mi sentido, algún día seré yo quien se siente en esa silla, tengo mucho por expresar",Crisis de sentido,positivo,94,0
5015,2025-12-18,yt_user_@ambcomp17,"""La muerte es el punto final de la posibilidad"" Gracias Farid por mostrarnos el sentido de la vida 💫",Crisis de sentido,positivo,36,0
5016,2025-12-18,yt_user_@yorgesari,"GRACIAS, BBVA, por traernos a Farid. Él es una persona a la cual admiro muchísimo. Sus enseñanzas son un bálsamo consolador. 
Me encanta este canal.",Crisis de sentido,positivo,41,0
5017,2025-12-18,yt_user_@MariaEste,"Gracias, gracias, gracias ❤❤❤por la información tan linda y bendiciones ❤❤",Crisis de sentido,positivo,0,0
5018,2025-12-18,yt_user_@SaryEscob,Me encanta este Farid  como narra las historias y que bien explica soy su fan ❤,Crisis de sentido,neutral,0,0
5019,2025-12-18,yt_user_@jazminjai,"comenzó el video y yo a llanto... justo me siento incluso culpable de llorar ante la muerte de mi mejor amigo, porque siento que muchos me dicen que me imaginé cómo están sus papás y sus hermanos... pero es que él era demasiado para mí.",Crisis de sentido,negativo,43,0
5020,2025-12-18,yt_user_@AprilC-w3,Gracias por mostrarte vulnerable ❤,Crisis de sentido,positivo,0,0
5021,2025-12-18,yt_user_@FabioLean,"""la filosofia pregunta, a psicologia explica y arte expressa"".

🇧🇷",Crisis de sentido,neutral,14,0
5022,2025-12-18,yt_user_@M007-d3j,"La vida no es perfecta y, cuando lo descubrimos, es entonces cuando nos damos cuenta de que es absurda. Nos enfocamos tanto en ganar que, cuando perdemos, no sabemos cómo aceptarlo, y ahí es donde comienza lo absurdo de la vida. Hay que aprender que no siempre las circunstancias de la vida estarán a nuestro favor.",Crisis de sentido,positivo,33,0
5023,2025-12-18,yt_user_@lucycasta,Gracias gran aporte a la humanidad este joven  con esta forma de pensat,Crisis de sentido,positivo,0,0
5024,2025-12-18,yt_user_@Aprendemo,"¡Hola! Muchas gracias por tu comentario, nos alegra saber que esta charla de Farid te ha inspirado, te deseamos mucho éxito.💙",Crisis de sentido,positivo,7,0
5025,2025-12-18,yt_user_@kimlind91,"Que increíble que Farid esté llegando tan lejos y es que contribuye de forma tan positiva en muchas personas, ver desde la perspectiva de Farid la vida se te hace más llevadera, justo hoy que es el día de la salud mental, vivimos en un mundo que se ha vuelto tan poco empático con su entorno, solo juzgan , pero hay veces donde debemos tener presente que la importancia de cuidar nuestra salud emocional, mental es imprescindible, no busquen la felicidad en otros sino mantengan el focus en simismos , Farid es una muestra que vale la pena vivir al ritmo de cada uno, a un día a la vez ❤️ Dios los bendiga ❤",Crisis de sentido,neutral,24,0
5026,2025-12-18,yt_user_@TorresPer,Farick tú no solo enseñas a muchas personas. También cambias vidas❤❤❤,Crisis de sentido,neutral,6,0
5027,2025-12-18,yt_user_@yaninaher,no dejo de llorar ... y me diste las palabras que nadie pudo darme para llevar la muerte de mi padre GRACIAS!! TE ADMIRO Y SIGO DESDE LA PRIMER VAZ QUE TE ESCHUCHE! GRACIAS!!!,Crisis de sentido,neutral,24,0
5028,2025-12-18,yt_user_@NYCSS1974,"Jóvenes pensadores  muy inteligentes como FARID me da esperanza de un mundo mejor, un aplauso 👏 gigante por más grandes pensadores como este joven, gracias",Crisis de sentido,positivo,10,0
5029,2025-12-18,yt_user_@samidsajo,Un máster para expresarse en sus conferencias.,Crisis de sentido,neutral,0,0
5030,2025-12-18,yt_user_@manuelnic,"Wow de verdad que me atrevo a decir, de que esta cuenta de ""Aprendemos juntos, BBVA” a sido lo mejor que he encontrado en youtube!! Cada vez que tengo la oportunidad de ver un audiovisual de ustedes es un muy grato momento y de mucho aprendizaje, con todos esos seres de luz que llevan. Gracias por esa maravillosa idea de crea esta plataforma!!! Lo veo y le sigo desde República Domicana❤",Crisis de sentido,positivo,11,0
5031,2025-12-18,yt_user_@lauramong,"Un ser humano extraordinario,  Farid alivia, enseña, transmite amor y esperanza,  necesitamos tantos Farid, gracias por existir, gracias BBVA. ♥️♥️♥️♥️♥️",Crisis de sentido,positivo,17,0
5032,2025-12-18,yt_user_@MarinaRod,"Farid tiene una muy buena oratoria, es excelente haciendolo!!!",Crisis de sentido,positivo,0,0
5033,2025-12-18,yt_user_@paulinama,"Estoy en proceso de ruptura y me siento triste y antes de ponerme a sobre pensar o hundirme en ese vacío de una ruptura y tristeza 
Me pongo a escuchar todos sus vídeos de farid y totalmente me transmite mucha paz , tranquilidad 
Muchas gracias farid , eres el mejor Diosito te bendiga ❤",Crisis de sentido,neutral,16,0
5034,2025-12-18,yt_user_@marianapa,Gracias Faried por el excelente mensaje q nos dejás..  y al programa por haberlo invitado..❤,Crisis de sentido,positivo,11,0
5035,2025-12-18,yt_user_@vanesavil,"Tú ya ganaste,
Eres un ser humano Real.
Gracias por abrir tu corazón enormemente.",Crisis de sentido,positivo,15,0
5036,2025-12-18,yt_user_@rauellope,"Muchas gracias a los organizadores de esta presentacion Farid es un agente de cambio significativo, gracias a ti Farid por toda esa ayuda balsamica a cada alma que te sigue ❤",Crisis de sentido,positivo,16,0
5037,2025-12-18,yt_user_@Infant123,"Perdí mis dos hijos, mi primero a los 20 años y mi segundo a los 22 años, ellos murieron de 1 año y el otro de 10 meses, la primera vez cuestioné todo, la segunda vez cuestioné mi existencia. Ese es un dolor tatuado cada día, duele mucho, nunca terminas de entender porque, la vida ya no tiene sentido, pero Dios no te abandona y te sostiene, el te da fuerzas, al día de hoy estoy esperando mi tercer bebé, es algo maravilloso y es un sentimiento que no se como describirlo, pero me siento feliz, por lo que viene, me siento triste por lo que deje.",Crisis de sentido,neutral,129,0
5038,2025-12-18,yt_user_@cynthiava,"Deseo que ese bebe arcoiris te de la paz y la luz que perdiste al entregar a tus bebes. Mi primer bebe falleció a los 7 dias de nacido, luego vino mi niña arcoiris que ahorita tiene 5 años y hace dos años perdí al que sería mi tercer bebé ya a punto de nacer... Te abrazo desde la empatia.",Crisis de sentido,positivo,7,0
5039,2025-12-18,yt_user_@silviamed,"​ @cynthiavazquezalvarez5881 También valoro tu fortaleza, y me parece bonita forma de llamar a otro bebé que la vida te brinda Arcoiris, no lo había escuchado🌈🙌",Crisis de sentido,positivo,2,0
5040,2025-12-18,yt_user_@Infant123," @cynthiavazquezalvarez5881 gracias, ya el bebé tiene 2 meses. Siento alegría, es mi arcoíris. Todo es luz, un abrazo!",Crisis de sentido,positivo,1,0
5041,2025-12-18,yt_user_@eduardo60,"Gracias por compartir esa historia mucha fuerza y animo con lo que viene ,disculpa el atrevimiento pero seria posible contactarnos ?",Crisis de sentido,positivo,0,0
5042,2025-12-18,yt_user_@MMCC1988,"Farid yo soy contemporánea suya, soy 88. Siempre veo todos sus videos porque me encanta el análisis psicológico, si bien no siempre estoy 100% de acuerdo con vos, debo decir que aún así me encanta escucharlo ya que creo que es un gran profesional. Esta conferencia particularmente me gustó mucho. Muchas gracias 🎩",Crisis de sentido,positivo,16,0
5043,2025-12-18,yt_user_@ceciliave,"Estoy convencida que hay personas que tiene un grado de luz más intensa que nos ayudan a caminar en este momento llamado vida .... gracias ....❤.....excelente entrevista, llena de aprendizajes ❤",Crisis de sentido,positivo,15,0
5044,2025-12-18,yt_user_@veronicaa,Querido Farid. Hace algunos años te sigo. Tienes que inventar una palabra para el que se encariña de alguien sin conocerlo por que yo te admiro y te quiero. Gracias.,Crisis de sentido,positivo,165,0
5045,2025-12-18,yt_user_@crisfuert,"Wooooow🎉🎉🎉🎉 esto me esta emocionando tanto como cuando fue por segunda ocasión Marian Rojas!!! Gracias por llevar a gente tan maravillosa, que son verdaderos influencers, verdaderos profesionales!!! Gracias gracias gracias 😄",Crisis de sentido,positivo,17,0
5046,2025-12-18,yt_user_@socialmed,No inventen no llevo ni dos minutos y ya casi me hace llorar 😢 gracias por este invitadazo!! Gracias BBVA !!!,Crisis de sentido,positivo,4,0
5047,2025-12-18,yt_user_@anajulias,"Deseo que cada persona que escuche esto pueda responder sus propios absurdos, gracias Farid",Crisis de sentido,positivo,8,0
5048,2025-12-18,yt_user_@maestrat7,"No conocía a Farid y he de decir que es una de las charlas más especiales que he podido escuchar, no solo en el canal de BBVA, sino en todo Youtube.",Crisis de sentido,negativo,17,0
5049,2025-12-18,yt_user_@LuisReale,"Videos que llegan a tu vida en el momento exacto, creo que este video me lo envió mi yo del futuro. Gracias",Crisis de sentido,positivo,5,0
5050,2025-12-18,yt_user_@gard3290,Excelente!!! Inspirador en todo sentido...saludos!!,Crisis de sentido,positivo,0,0
5051,2025-12-18,yt_user_@adrianaro,"A este hombre le tengo mucho cariño, enseña lo que aprendió con la esperanza de aliviar un poco su dolor, pudiendo utilizar su sabiduría para hacerse de mucho dinero, decidió ayudar, y lo hace con sus analisis y reseñas de miles de películas, sus libros y sus hermosas palabras... 
""Buscador de la palabra no dicha""...

""La filosofía pregunta,
La psicología explica y
el arte expresa y esas 3 cosas me constituyen""
Mil gracias de todo corazón por todo Farid🙏🥰",Crisis de sentido,positivo,10,0
5052,2025-12-18,yt_user_@carmenvio,"Farid, fue un placer verte y escucharte. Gracias por enseñarnos a preguntar, analizar, explicar y expresar nuestro autoconocimiento.",Crisis de sentido,positivo,5,0
5053,2025-12-18,yt_user_@danielaro,Es grande y duro ver y escuchar como todos se abren ante preguntas especiales y no llorar o quebrarse ❤ gracias m Han ayudado mucho siempre los veo,Crisis de sentido,positivo,0,0
5054,2025-12-18,yt_user_@fernandor,"Verónica que buen comentario el tuyo.
Es muy frecuente las relaciones para sociales sobre todo en la adolescencia cuando se enamoran de los artistas de la farándula. Otra forma  amor para social es el amor a primera vista y cuando tenemos la oportunidad de conocer personalmente a la persona idealizada, nos damos cuenta que son personas comunes que tienen una particularidad que los hacen diferentes. Es normal vivir esa experiencia, no que no es normal es permanecer en esa experiencia.
Agradezco a Fard por su enseñanza y a los comentarios",Crisis de sentido,neutral,6,0
5055,2025-12-18,yt_user_@alejo-090,Son relaciones parasociales,Crisis de sentido,neutral,3,0
5056,2025-12-18,yt_user_@Emmost,Ya existe se llaman relaciones parasociales no son malas de por si todo radica en entender que la relación está más en la cabeza de uno y que seguramente conociendo a esa persona en persona te encontrarás con otras situaciones más dignas de alguien con voluntad para negarte o recibirte y eso te puede sacar de pedo por idealizar mucho la persona que has visto por tanto tiempo en la pantalla,Crisis de sentido,negativo,19,0
5057,2025-12-18,yt_user_@amia1780,"Querida Verónica, es muy natural lo que sientes. Sientes cariño (que es una manifestación del amor) porque probablemente reconoces en él aspectos que son valiosos para ti; te aporta y resuena contigo. 
Ese cariño puede ser una forma de profundo agradecimiento, de la misma manera que se puede sentir hacia quien ha creado un libro que nos llega al corazón o una canción que nos conmueve.
Igualmente  puedes sentir conexión con la naturaleza, ternura al presenciar pequeños gestos que ves en las personas, alegría al escuchar la risa de los niños... Que conectan, resuenan, con lo que ya está en ti; son manifestaciones externas de lo que habita en ti, Verónica. 
Un gran abrazo.",Crisis de sentido,positivo,1,0
5058,2025-12-18,yt_user_@ivethmend,"Dios te bendiga farik❤❤❤❤
Eres especial.",Crisis de sentido,neutral,0,0
5059,2025-12-18,yt_user_@veronicaa, @javierosiles gracias por el consejo 😂,Crisis de sentido,positivo,4,0
5060,2025-12-18,yt_user_@nancylope,"Veo a Farid en muchas plataformas y.....sigues siendo espectacular! Es un agasajo para mi corazón escucharte y a darle, a darle sentido a la vida!!!❤",Crisis de sentido,positivo,5,0
5061,2025-12-18,yt_user_@bluehourk,"Farid me devolviste la esperanza , sabes, amé la frase que creaste ""futuralgia "" porque si bien es cierto, como mencionas, hay un nombre para el pasado que se recuerda con felicidad, es la nostalgia. Pero no para el futuro que pudo haber sido, para el plan b que reemplazo al a , me diste inspiración para crear un futuro con más posibilidades ,que tanto como la a , la b o c sean deseables y provechosas. Me diste energías para pensar en muchas situaciones de mi vida y cambiarlas para mi bien, pq yo tmb quiero vivir no de nostalgia ni de futuralgia , sino aceptando lo que soy gracias a mi pasado y proyectandome con toda la pasión del presente hacia mi futuro.TE QUIERO DEMASIADO.",Crisis de sentido,positivo,10,0
5062,2025-12-18,yt_user_@manti.101,ESTOY ESCUCHANDO Y VOY 6 MINUTOS Y ES UNA DE LAS MEJORES PRESENTACIONES. LA MUERTE LE DA EL SENTIDO A LA VIDA.,Crisis de sentido,neutral,10,0
5063,2025-12-18,yt_user_,"La palabra si existe: huérfilo : “pérdida de un hijo”
Muchas gracias por tan memorable charla.",Crisis de sentido,positivo,116,0
5064,2025-12-18,yt_user_@ernestofl,a pesar de que ya tengo 55 años siento q ud me enseña muchas cosas como si volviese a ser adolecente pues este mundo a cambiado mucho y ud me ayuda a entender este nuevo mundo,Crisis de sentido,positivo,4,0
5065,2025-12-18,yt_user_@montserra,Hoy 15 de octubre de 2025 encontré esta joya!!! Muchas gracias por darnos visiones hermosas y llenas de aprendizaje,Crisis de sentido,positivo,4,0
5066,2025-12-18,yt_user_@juliameji,Que Dios bendiga a este hombre tan sensible y fabuloso para transmitir sentimientos...mil gracias,Crisis de sentido,positivo,8,0
5067,2025-12-18,yt_user_@iamzirce6,"Es curioso que lo vi entrar y me salieron lagrimas, porque el es una gran persona, he aprendido mucho de su contenido y estudio psicologia como el",Crisis de sentido,neutral,7,0
5068,2025-12-18,yt_user_@Celestefr,"Guau! Conocí a Farid mediante sus reflexiones en Facebook. Me encantó, admiro la manera tan didáctica, profunda, y al mismo tiempo sencilla que él tiene de abordar y explicar nuestros dilemas cotidianos. Qué buen regalo de cumpleaños me han brindado sin saberlo! Muchas gracias!!",Crisis de sentido,positivo,10,0
5069,2025-12-18,yt_user_@LucyCañón,"Orgullo de ser humano Farid! Qué tal un puñado más de jóvenes como tú? El mundo sería mejor, tendría más sentido. Gracias Farid, como siempre. No me cansaré de ver y re-ver este vídeo. 🤗❤",Crisis de sentido,positivo,4,0
5070,2025-12-18,yt_user_@yeisaeste,"Perdí a mi hermana en accidente tránsito , a mi padre y mi madre de cancer perdidas seguidas y muy duras desde entonces le busco significado a mi vida . He nacido para ayudar pa empatizar y entender a los demás . Esta charla me ha encantado y me ha llenado de mucho sentimiento gracias farid 🙏 me he sentido sumamente identificada contigo",Crisis de sentido,positivo,17,0
5071,2025-12-18,yt_user_@Aprendemo,Lamentamos profundamente tu pérdida. Te enviamos un fuerte abrazo lleno de cariño y fortaleza. Gracias por tomarte el tiempo de escribirnos y compartir con nosotros. 💙,Crisis de sentido,positivo,4,0
5072,2025-12-18,yt_user_@evaguzman,"SU MANERA DE EXPRESARSE Y SU CONGRUENCIA COMO PERSONA, LO HACE QUE LO ADMIRÉ INMENSAMENTE. ❤",Crisis de sentido,neutral,41,0
5073,2025-12-18,yt_user_@pedronelp,Vivir...es la más grande virtud de la existencia en este universo infinito y eterno. Cordial saludo desde Colombia potencia mundial de la vida.,Crisis de sentido,positivo,5,0
5074,2025-12-18,yt_user_@dorismart,"Farid, eres único. Gracias...",Crisis de sentido,positivo,1,0
5075,2025-12-18,yt_user_@efraingue,Gracias Farid y al banco BBVA. Soy adicto a los análisis que hace Farid de la condición humana..,Crisis de sentido,positivo,12,0
5076,2025-12-18,yt_user_@cuquisret,El perder a seres queridos  como mis dos hermanos mi papá mi madre y mi abuela materna fue tan doloroso que  no no entiendes en su momento pero no somos eternos y los que seguimos aquí tenemos que encontrar un motivó para seguir para luchar y estar bien  gracias creo que entendí muchas cosas que me costaba trabajo viviré un presente mejor para  tener un futuro más tranquilo  bendiciones,Crisis de sentido,neutral,12,0
5077,2025-12-18,yt_user_@karinaizq,"Hoy marzo 1 del 2025, día en que de pronto no encuentro salida o respuestas , oir a Farid, ha hecho que aterrice y me despeje.  Gracias porque encuentro este video y he podido soltar y llenarme de buena vibra.  Saludos desde Ecuador.",Crisis de sentido,positivo,24,0
5078,2025-12-18,yt_user_@AzulDivin,"Cuanta sabiduría, elocuencia , sentido tiene este chico tan joven. Farid, eres un fenómeno lleno de energia, sabiduría, vida, sentido, inteligencia, en fin, eres un ejemplo a seguir. Muy buena charla!! saludos!! ☺️",Crisis de sentido,positivo,6,0
5079,2025-12-18,yt_user_@yelinyari,"Mi admiración y respeto para Farid , lo sigo en sus redes porque me parece que es más enriquecedor usar estos medios para consumir buenos contenidos y el de el sin duda alguna es de los mejores ❤❤❤ saludos desde Colombia",Crisis de sentido,positivo,4,0
5080,2025-12-18,yt_user_@patriciab,"Amo esto, gracias BBVA.",Crisis de sentido,positivo,0,0
5081,2025-12-18,yt_user_@HernanBz,"Hermosísima charla! ""La filosofía pregunta, la psicológia explica y el arte expresa"" ❤Cuanto por aprender. Gracias APJ, gracias Farid 🎶",Crisis de sentido,positivo,11,0
5082,2025-12-18,yt_user_@Aprendemo,"Saludos Sandra, antes que nada, lamentamos profundamente tu pérdida, gracias por tomarte el tiempo de escribirnos, realmente lo apreciamos. Te enviamos un fuerte abrazo. 💙

Si algún día quisieras asistir como público a una de nuestras grabaciones en CDMX, será un placer recibirte. Solo envía un correo a publico@asombro.teknei.com con el asunto: Asistencia al foro. ¡Nos encantará verte allí!",Crisis de sentido,positivo,8,0
5083,2025-12-18,yt_user_@SandraDen,@AprendemosJuntos_mex  No puedo vivo en Perú pero gracias,Crisis de sentido,positivo,2,0
5084,2025-12-18,yt_user_@miguelang,"Farid....tu por este mundo dejaras una huella grande......cómo Platon, Aristóteles...se q por tus enseñanzas serás eternamente recordado..México no olviden cuando esté hombre falte aquí....que dejen un símbolo donde recuerden q el nunca en las memorias morirá...",Crisis de sentido,neutral,5,0
5085,2025-12-18,yt_user_@c1mrrr,Esta plática llegó justo en el momento en la que la necesitaba ❤️‍🩹 Gracias Farid,Crisis de sentido,positivo,5,0
5086,2025-12-18,yt_user_@0n_Maly,"14:51 En otras palabras ""MIENTRAS HAY VIDA HAY ESPERANZA, MOTIVOS Y RAZPNES PARA DARLE UN SENTIDO PROPIO A NUESTA VIDA""",Crisis de sentido,positivo,7,0
5087,2025-12-18,yt_user_@DiarioDeU,Gracias Farid! Te amamos. Sos luz en un mundo obscuro,Crisis de sentido,positivo,0,0
5088,2025-12-18,yt_user_@karenarte,"Llevo mucho tiempo encontrando un lenguaje que represente mis ideas, pensamientos, sentires y frustración ante este mundo caótico actual, me recojo y abrazo las palabras de farid muy cerca a mi escencia humana. Que bonito coincidir en la distancia con este ser.",Crisis de sentido,neutral,6,0
5089,2025-12-18,yt_user_@giselasea,"El contenido de Farid es genial, me encanta como siempre le da una explicación a las cosas desde el punto de vista psicológico, y aquí me encantó como se expresó, siempre buscandole un significado a lo abstracto, te abre la mente, es muy admirable ❤",Crisis de sentido,positivo,5,0
5090,2025-12-18,yt_user_@jennyadri,"Farid ..gracias gracias x esta charla,  estoy en un proseso d aceptacion personal y tu charla me da muchas respuestas ...🙏💕",Crisis de sentido,positivo,0,0
5091,2025-12-18,yt_user_@Meykat23,"Futuralgia ..
Duelo por un futuro que no será
Por las risas que no resonarán 
Por los abrazos que nos se darán
Por un caminar juntos que no pasara
Es la futuralgia profunda y certera
Una tristeza por lo que no espera 
Por cada plan que desvaneció
Por cada parte de mi que perdió
No es nostalgia pues no hubo pasado
Es dolor por un futuro arrebatado 
Una melancolía por lo que pudo ser
Una pena que persiste al amanecer
Así vive el corazón en su lamento 
Añorando un tiempo que fue llevado por el viento 
Futuralgia, un nombre a la medida
Para el dolor  de una vida no vivida. 
Farid Dieck",Crisis de sentido,negativo,26,0
5092,2025-12-18,yt_user_@AndreaAlv,"Te amo Farid Dieck, gracias por este contenido increíble.",Crisis de sentido,positivo,0,0
5093,2025-12-18,yt_user_@charlotec,Que belleza 🎉. BBVA excelente panelista. Gracias ❤,Crisis de sentido,positivo,12,0
5094,2025-12-18,yt_user_@maritzalo,"Cada vez que escucho el programa siento a mi hijo de 24 años a mi lado porque el me lo enseñó y partió a otro mundo.
Gracias Hari",Crisis de sentido,positivo,8,0
5095,2025-12-18,yt_user_@Aprendemo,"Lamentamos mucho tu perdida Maritza, te mandamos un fuerte abrazo. 💙 Gracias por escribirnos y compartirnos un poco de ti, realmente lo apreciamos.",Crisis de sentido,positivo,1,0
5096,2025-12-18,yt_user_@mariaceci,"Simplemete maravillos 💜 gracias por estos espacios llenos de aprendizaje que te hacen querer ser un  mejor ser humano, querer sumar al mundo ✨️✨️✨️ agradecida 👏👏👏",Crisis de sentido,positivo,4,0
5097,2025-12-18,yt_user_@seba.kine,"Demasiado hermoso relato, para mi farid es una persona con un gran propósito y cada vez que lo escucho es un deleite de sabiduría para mi alma.
Muchas gracias",Crisis de sentido,positivo,5,0
5098,2025-12-18,yt_user_@Diego-w5s,"A mi padre en paz descanse le hubiera encantado ver está reflexion, perdi a mi padre hace un año, nos dedicamos a hacer videos acerca de temas empaticos, de corazon Apoyando a gente que lo necesitaba, el tenia el sueño de ayudar a loss demas, ya que ayudando se ayudaba a si mismo, lo extraño y este vídeo me cayo en el momento en el que estoy luchando por seguir sin mi padre pero con la misma motivacion que me dejo de enseñanza",Crisis de sentido,positivo,4,0
5099,2025-12-18,yt_user_@edwinmald,"Que genial, excelente conversatorio, eres un crack",Crisis de sentido,positivo,0,0
5100,2025-12-18,yt_user_@magdalena,"Me encanta pensar, revisar mi ruta con una brújula como Farid. Sencillo, claro y muy emotivo. 
Gracias a él y a BBVA.",Crisis de sentido,positivo,7,0
5101,2025-12-18,yt_user_@maribelnb,"""No necesitas ser feliz  para tener sentido, pero si necesitas tener sentido para ser feliz""",Crisis de sentido,positivo,8,0
5102,2025-12-18,yt_user_@JoseNicol,ESTE HOMBRE MATERIALIZA LOS SENTIDOS...,Crisis de sentido,neutral,1,0
5103,2025-12-18,yt_user_@cristiand,"Nunca me había detenido a escuchar Farid, el título del video me llamó la atención y al primer minuto ya estaba conectado con su discurso: sencilla mente genial, claro como un espejo, profundisimo como un pozo. Gracias. Excelentes ejemplos, ideas claras, muy bien expuestas, hechos concretos que fundamentan sus convicciones y lo hacen una persona sabia.",Crisis de sentido,positivo,4,0
5104,2025-12-18,yt_user_@xponce450,"He visto muchos Videos de BBVA, pero muy pocos con mexicanos tanto en los exponentes como en los asistentes. Es un orgullo ver a Farid. Es una de las personas más inteligentes e interesantes que presenta contenido valioso en esa nueva era de tecnología y redes sociales. Un gran ser humano que agrega valor al paradoja de vivir en este mundo y en este tiempo.",Crisis de sentido,positivo,4,0
5105,2025-12-18,yt_user_@BeHappy-g,El sentido de la vida es vivir. No hay otro. En lugar de preocuparnos por el sentido de la vida tenemos que encontrar nuestro verdadero ser.,Crisis de sentido,positivo,8,0
5106,2025-12-18,yt_user_@JavierRod,"Tengo 21 años ya casi 22 y me enorgullece tener bastante interes ah este tipo de video, me hace sentir que soy diferente ah esta generación, Farid Dieck, excelente persona y gracias por tus palabras tan profundas eh elocuentes! Bendiciones.",Crisis de sentido,positivo,11,0
5107,2025-12-18,yt_user_@corcuera7,Es un placer escucharte Farid muchas gracias por todos tus videos y por todos los consejos que nos das,Crisis de sentido,positivo,1,0
5108,2025-12-18,yt_user_@Aprendemo,¡Gracias a ti por pasar a dejar tu comentario!,Crisis de sentido,positivo,1,0
5109,2025-12-18,yt_user_@practicad,"Mi hijo Jesús, le dió sentido a mi vida, aprendí mucho de su estancia en éste mundo, nació pesando 8,800 gramos, prematuro extremo, fue desausiado minutos antes de nacer, y vivió contra todos los malos pronósticos.",Crisis de sentido,neutral,9,0
5110,2025-12-18,yt_user_@Mariposa-,Este..platica me ayuda a entenderme mejor..y entender mejor a los demás.. platica invaluable..muchas gracias.❤❤,Crisis de sentido,positivo,0,0
5111,2025-12-18,yt_user_@analuciag,Futuralgia....le acaba de poner un nombre a lo que que he vivido cada día desde que mi esposo murió....gracias ame cada minuto de la plática y me has dado una luz..esperanza,Crisis de sentido,positivo,5,0
5112,2025-12-18,yt_user_@nadiaantu,"""La esperanza✨ es el cimiento✨ sobre el cual construimos✨ el futuro""✨",Crisis de sentido,positivo,1,0
5113,2025-12-18,yt_user_@alejandro,"Que hermoso encontrarme con esta charla tan profunda, te admiro farid, te aseguro que tu existencia está contribuyendo a un mundo mejor!❤",Crisis de sentido,neutral,3,0
5114,2025-12-18,yt_user_@indalecia,Admiración  completa por este  ser. Mil gracias  por este video.,Crisis de sentido,positivo,5,0
5115,2025-12-18,yt_user_@JOSUEJIME,"Acabo de perder a mi madre, estoy tratando de encontrar el sentido de la vida, que calma escucharlo 💖",Crisis de sentido,positivo,5,0
5116,2025-12-18,yt_user_@faviolamu,"Gracias  farid me  has  enseñado  tanto este  2025 en solo 4  meses,  pero  te sigo desde  2024",Crisis de sentido,neutral,0,0
5117,2025-12-18,yt_user_@ivsmaria,Lo último que dijo me dejó llorando; farid tiene un corazón tan noble y bondadoso. Compartir tu don con todos nosotros es algo que vamos a valorar cada dia; aporta un significado a nuestras vidas. Gracias Farid por existir 💗,Crisis de sentido,positivo,30,0
5118,2025-12-18,yt_user_@CaribePre,Demasiada sabiduria de vida en una sola persona. Gracias Farid Dieck !!!,Crisis de sentido,positivo,0,0
5119,2025-12-18,yt_user_@GeneKyary,"Amooooo!

Soy fan de estos exponentes qué trae bbva, pero Farid tiene mi corazón. 
Cuanto orgullo me da verlo ahí, es un hombre que transforma con sus palabras. 

Te amo Farid y a toda la comunidad qué esta aquí presente.
Gracias por darle esta oportunidad 😊",Crisis de sentido,positivo,8,0
5120,2025-12-18,yt_user_@dulcediaz,"naci en  una aldea/choza  de  cajas de carton ,mis padres llegaban a dormir y se iban a trabajar  antes que saliera el sol,,casi nunca habia comida ,fuimos 10 hijos y mi  padres eran analfabetos  muy ignorantes ,brutos ,toxicos y malos ,.apenas  cumplia uno de mis hermanos los 5 años y lo llevaban a trabajar  de sirviente ,,asi todos desperdigados  cada uno  con sus problemas ,sin zapatos ,sin comida ,sin agua ,.Mi sueño era comer  hasta a llenar  mi estomago  pues siempre me quedaba con hambre ....La busqueda del sentido de mi vida es trabajar y ganar  lo sufisiente para tener un techo y comida..",Crisis de sentido,neutral,4,0
5121,2025-12-18,yt_user_@EnfócateT,"Solo con la intro, es épico! La filosofía pregunta, la psicológia explica y el arte expresa",Crisis de sentido,negativo,1,0
5122,2025-12-18,yt_user_@Aprendemo,Gracias por abrir tu corazón y compartir algo tan profundo con nosotros. 💙Te mandamos un abrazo lleno de fuerza y esperanza.,Crisis de sentido,positivo,1,0
5123,2025-12-18,yt_user_@Aprendemo,"¡Saludos! Para asistir como público al foro de Aprendemos juntos México, por favor envía un correo electrónico a publico@asombro.teknei.com. Asegúrate de incluir en el asunto: Asistencia a Aprendemos Juntos México. ¡Esperamos verte allí!",Crisis de sentido,neutral,1,0
5124,2025-12-18,yt_user_@Aprendemo,"¡Saludos! Para asistir como público al foro de Aprendemos Juntos México, por favor envía un correo electrónico a publico@asombro.teknei.com. Asegúrate de incluir en el asunto: Asistencia a Aprendemos Juntos México. ¡Esperamos verte allí!",Crisis de sentido,neutral,0,0
5125,2025-12-18,yt_user_@jnmjose,"Mmm, podría ser ser aunque si de aportes o psicólogos hablamos está Marian Rojas Estapé, Mario Alonso Puig, Viktor Frankl. Yo lo considero más un psicólogo.",Crisis de sentido,neutral,7,0
5126,2025-12-18,yt_user_@W.U.G,"Las preguntas y respuestas estan preparadas, pero ok están buenas solo que redunda en lo mismo con el sentido de la vida, diciendo que es lo que haces a diario, pero lo que haces a diario es lo que te hace pensar ""que sentido tiene la vida""

Lee, se buena persona y ejercitate ese es el sentido ser opuesto a los animales Silvestres",Crisis de sentido,negativo,6,0
5127,2025-12-18,yt_user_@luissuare, @alanmarin-e8z  Todos filosofamos diariamente al cuestionarnos lo que hacemos,Crisis de sentido,neutral,12,0
5128,2025-12-18,yt_user_@jdavidebr,"Tienes razón pero cuando tu haces las cosas con amor y brindas amor hacia los demás no esperas nada de nadie por que no lo estás haciendo por un beneficio si no por amor, entonces nunca habrá decepcion",Crisis de sentido,positivo,0,0
5129,2025-12-18,yt_user_@aliehsaz,"Gracias, muchas gracias",Crisis de sentido,positivo,0,0
5130,2025-12-18,yt_user_@ruthmg.95,"Farid Dieck como siempre tan profundo y cercano, tan emotivo y pragmático, analítico y sentimental...una grandísima fuente de inspiración y conocimiento, gracias por todo Farid! qué grande!",Crisis de sentido,positivo,3,0
5131,2025-12-18,yt_user_@FernandoM,Farid le un libro el conflicto de los siglos. Tiene sentido,Crisis de sentido,neutral,0,0
5132,2025-12-18,yt_user_@gregorios,"Tengo 23 años, hace 3 años me diagnosticaron hipertenso. Me hicieron muchos exámenes y no apareció una causa aparente. Tengo que vivir con mi tratamiento y cuidando mi dieta. Siempre fui muy saludable y me cuidaba. Ese es mi absurdo",Crisis de sentido,neutral,16,0
5133,2025-12-18,yt_user_@HeyPichi,"Su poema describe perfectamente esos sentimientos y pensamientos al perder un ser querido
""Duelo por un futuro que no será, por las risas que no resonarán, por los abrazos que no se darán, por un caminar juntos que no pasará.
Es la futuralgia profunda y certera, una tristeza por lo que no espera.
Por plan que se desvaneció por cada parte de mí que se perdió.
No es nostalgia pues no hubo pasado, es dolor por un futuro arrebatado.
Una melancolía por lo que pudo ser, una pena que persiste al amanecer.
Así vive el corazón en su lamento añorando un tiempo que fue llevado por el viento.
Futuralgia, un nombre a la medida para el dolor de una vida no vivida.""",Crisis de sentido,negativo,7,0
5134,2025-12-18,yt_user_@cintiaale,"Hola Farid. Llegué a este video por un compañero de trabajo que es psicólogo...después de hablarle que no puedo levantarme después de perder a mí hermano hace poco más de un año. Si mí hermano también se fue de este mundo y me dejó partida en mil pedazos. Éramos muy unidos compañeros consejeros y hoy estoy vacía enojada con Dios y no soy la misma persona tengo una tristeza inmensa. Llore tanto al saber tu historia...y ahora tengo la esperanza de que este ""absurdo"" va a llevarme por un camino tan diferente al soñado pero no por eso va a ser malo. Hoy tengo esperanza de poder salir de este pozo de esta tristeza. Estoy en búsqueda de tu libro FUTURALGIA mí futura lectura obligatoria y solo me resta decir gracias por compartir tu historia...hoy mí angustia y dolor parecen reacomodarse. Seguí adelante...uno nunca sabe que palabras de todas las que uno dice son las que alguien en el mundo necesitaba escuchar para dar un giro en su vida en su historia. EXITOS!!!",Crisis de sentido,negativo,7,0
5135,2025-12-18,yt_user_@YuriLinks,La facilidad de Farid al comunicar es que ha tenido la inteligencia de codificar el lenguaje y hacerlo llano ante cualquier audiencia.,Crisis de sentido,neutral,7,0
5136,2025-12-18,yt_user_@Culturali,"""La fe es la certeza de que sucederá lo que se espera, la prueba convincente de que existen realidades que no se ven"" 🕊
(Hebreos 11:1)
Gracias Farid Dieck",Crisis de sentido,positivo,5,0
5137,2025-12-18,yt_user_@Aprendemo,"Hola, sentimos profundamente tu pérdida. Te agradecemos por compartir tu experiencia. Deseamos que este contenido y los futuros te brinden compañía. Un fuerte abrazo de todo el equipo. 💙",Crisis de sentido,neutral,1,0
5138,2025-12-18,yt_user_@Aprendemo,¡Sugerencia recibida!,Crisis de sentido,neutral,1,0
5139,2025-12-18,yt_user_@milena255,Muchas gracias Farid por cada palabras que es un antidoto para mi alma ❤❤❤❤❤,Crisis de sentido,positivo,0,0
5140,2025-12-18,yt_user_@Oscairaiz,Gracias por tanto aprendizaje  Dios te. Bendiga ❤🙏,Crisis de sentido,positivo,0,0
5141,2025-12-18,yt_user_@milenan33,Gracias por tan hermosa entrevista ❤y por traer a este maravilloso ser humano,Crisis de sentido,positivo,0,0
5142,2025-12-18,yt_user_@JonasGarc,Brutal Brutal gracias,Crisis de sentido,positivo,0,0
5143,2025-12-18,yt_user_@robertmau,"E aprendido bastante , gracias BBVA",Crisis de sentido,positivo,0,0
5144,2025-12-18,yt_user_@transeunt,"Decía Aristóteles, ""cambiaría todo lo que sé por lo que ignoro""...",Crisis de sentido,neutral,0,0
5145,2025-12-18,yt_user_@transeunt,"En el tiempo de nuestra vida encontramos sentido a la misma, estoy de acuerdo que la muerte, nos invita a hallar ese sentido, al saber que la vida  tiene una temporalidad, y que nada será como hoy es, más sin embargo también se encuentra un sentido en la muerte, quizás algunos más como yo esperamos la muerte!!! Sin que  esa espera sea tomada dramáticamente como un martirio o un sacrificio nada de eso... 

En el entendido de qué para nacer y estar en esta vida venimos de otro camino qué es cíclico, quizás, y la única garantía al 100% de vivir es que vamos a llegar a morir, entonces la muerte es  el punto seguro en el que termina el ciclo de vivir, en este sentido y en ese contexto, yo en lo personal espero sin dejar de aprovechar el tiempo en esta existencia, espero el cuándo y espero con gusto el encontrarme en el momento de la transición entre la vida y la muerte, espero ese trascender, ... Tengo emoción por estar ahí cuando sea mi tiempo, mi consuelo es que sé que llegará, consejo es disfruten el hoy y el ahora, fluyan con la corriente que lleva el río de su existencia, así será ultra disfrutable, no te resistas a ir en contra, no es que todo lo que pasa pasa por algo, es que lo que pasa pasa por qué es el ciclo que tocó pasar en la corriente del río de tu vida, ósea, vive lo que te toca vivir aprende de lo que te toca vivir disfruta lo que te toca vivir y se quién puedas ser , en el hacer posible de tu vida, ama, quiere y agradece, sobre todo agradece que eso te da un sentimiento de paz,",Crisis de sentido,positivo,0,0
5146,2025-12-18,yt_user_@dorismart,"Gracias Farid por mostrarte tal como eres, inteligente, sincero, sensible, integro y más. Eres ejemplo, sin querer serlo, eres inspiración, eres esperanza, eres Dieck.",Crisis de sentido,positivo,0,0
5147,2025-12-18,yt_user_@toolzzmus,Me reconforta mucho escuchar a Farid y saber que alguien piensa como yo sobre el sentido de las cosas.❤,Crisis de sentido,neutral,0,0
5148,2025-12-18,yt_user_@margarita,Muchas gracias por el gran mensaje 👏👏👏,Crisis de sentido,positivo,0,0
5149,2025-12-18,yt_user_@yarielafa,BBVA. GRACIAS POR EXISTIR,Crisis de sentido,positivo,0,0
5150,2025-12-18,yt_user_@RAMONGarc,Farid ...podría llenar todo este espacio para decirte lo bonito que mi corazón piensa de ti.....GRACIAS,Crisis de sentido,positivo,0,0
5151,2025-12-18,yt_user_@carmenser,Hermoso todo lo que dices gracias❤,Crisis de sentido,positivo,0,0
5152,2025-12-18,yt_user_@solborreg,Muchísimas gracias Farid!!!😊❤,Crisis de sentido,positivo,0,0
5153,2025-12-18,yt_user_@viguvi,"Tenia hace mucho tiempo por ver este conversatorio.... Sin desperdicios!! 
Cada día aprendo de ti Farid!",Crisis de sentido,neutral,0,0
5154,2025-12-18,yt_user_@paolaandr,Gracias por este video!!! Qué grandes enseñanzas nos deja Farid!!!,Crisis de sentido,positivo,0,0
5155,2025-12-18,yt_user_@juandiego,"Gracias, este contenido trasciende las pantallas y toca corazones, mentes, almas... Infinitas gracias ❤",Crisis de sentido,positivo,0,0
5156,2025-12-18,yt_user_@RominaQue,"Que hermosa y profunda charla, muchas gracias 🙏🏼",Crisis de sentido,positivo,0,0
5157,2025-12-18,yt_user_@nhcnhc285,VI 3 MINUTOS Y ES UNA LOCURA LA LABIA QUE TIENE ME EXITA A MAS NO DAR,Crisis de sentido,neutral,0,0
5158,2025-12-18,yt_user_@LourdesMa,Un placer escucharte gracias 🙂 ❤😊,Crisis de sentido,positivo,1,0
5159,2025-12-18,yt_user_@alfredoma,"Grande Brother... DIos te siga bendiciendo cada dia... y mucha salud... EXITOS siempre...
🙂🙂🙂",Crisis de sentido,neutral,0,0
5160,2025-12-18,yt_user_@claudiasa,"❤❤❤❤❤❤❤❤❤❤❤❤❤❤❤❤❤❤❤❤❤❤❤❤
Gracias Farid!!!!",Crisis de sentido,positivo,0,0
5161,2025-12-18,yt_user_@marisolpa,Este tipo es un Sol ...gracias por existir🎉😊,Crisis de sentido,positivo,0,0
5162,2025-12-18,yt_user_@Alfari8tr,Farid Dieck la magia del Absurdo filosofía pura,Crisis de sentido,neutral,1,0
5163,2025-12-18,yt_user_@flor77772,Gracias por compartir,Crisis de sentido,positivo,0,0
5164,2025-12-18,yt_user_@wilmergil,"Buen día. 
Simplemente brillante. Muchas gracias y saludos desde Venezuela.",Crisis de sentido,positivo,0,0
5165,2025-12-18,yt_user_@Pepa12-w1,"DIOS BBVA LOS AMO,SIGAN ASI ESTAN CAMBIANDO A MUCHA GENTE El PLANETA AMÉN Y FARID TE AMAMOS ❤",Crisis de sentido,neutral,0,0
5166,2025-12-18,yt_user_@polancoch,"Magnífica charla, muy emocionante, gracias por mostrar tu emocionalidad Farid. Bellas palabras.",Crisis de sentido,positivo,0,0
5167,2025-12-18,yt_user_@mariaanto,Bravo!!!! Muchísimas gracias.  Que Dios te bendiga  y lo logres - Por un mundo mejor!!! Felicidades.,Crisis de sentido,positivo,0,0
5168,2025-12-18,yt_user_@JannetAlv,Farid es un Gran ser Humano 🙏💕 Gracias!,Crisis de sentido,positivo,0,0
5169,2025-12-18,yt_user_@norbertos,"Excelente reflexión sobre el sentido de la vida.  La filosofía pregunta,  la psicología explica y el arte expresa.  Un 100 para eso.",Crisis de sentido,positivo,0,0
5170,2025-12-18,yt_user_@t8mil964,"vi 3min recien,  y ya estoy comentando gracias por tanta magia. Es admirable.",Crisis de sentido,positivo,0,0
5171,2025-12-18,yt_user_@lorenalop,"Bello ! tu vida ha sido util para la mia. Gracias por tu vida, te bendigo Farid Dieck.",Crisis de sentido,positivo,0,0
5172,2025-12-18,yt_user_@giovannac,"Que lindo es verte en esta conferencia, eres un gran ejemplo",Crisis de sentido,neutral,0,0
5173,2025-12-18,yt_user_@KaryLiAl,Gracias BBVA son un exito estas charlas ❤,Crisis de sentido,positivo,0,0
5174,2025-12-18,yt_user_@robertoso,"exelente, sin desperdicios, es una charla para escucharla cuantas veces quieras y cada vez te tocara el alma, gracias",Crisis de sentido,positivo,0,0
5175,2025-12-18,yt_user_@Extinguin,"Excelentes videos me encantan me han ayudo en lo profesional , y más en lo humano que aprendizaje gracias por tanto contenido tan valioso!! Un abrazo enorme",Crisis de sentido,positivo,0,0
5176,2025-12-18,yt_user_@Marsoto19,"Me quedo con: ""El presente nos otorga la posibilidad de  redimirnos o cambiar""❤",Crisis de sentido,neutral,0,0
5177,2025-12-18,yt_user_@TahirihMo,"Que sensibilidad tan genuina y hermosa, gracias por tu entrega y tu aporte",Crisis de sentido,positivo,0,0
5178,2025-12-18,yt_user_@mariselag,Te admiro mucho Farid Gracias por tan incontables videos,Crisis de sentido,positivo,0,0
5179,2025-12-18,yt_user_@albavivia,"Me encanta escucharlo, me cautiva su sensibilidad, su capacidad de Ver y de Analizar, su mirada ante el mundo y la contrucción de sentido. Bendiciones siempre 😊",Crisis de sentido,neutral,0,0
5180,2025-12-18,yt_user_@patriciar,"Farid muchas gracias por el tiempo que tú le dedicas a tus historias eres una persona muy inteligente, fácil de entender! Yo la verdad vivo tus historias y me fascina escucharte te felicito y te deseo muchos éxitos",Crisis de sentido,positivo,0,0
5181,2025-12-18,yt_user_@carmenveg,"Gracias Dios porque tu mandaste a Farid a este mundo a esta época para darnos esa luz , paz a nuestras vidas y ser y dar significado a nuestra existencia cuando creímos que ya no hay más! 🌿🩷",Crisis de sentido,positivo,0,0
5182,2025-12-18,yt_user_@berthachi,"Que bueno Farid: te sgradezco a pesar que somos de larga diferencia de experiencia de vida, me regocijo con tus enseñanzas y conocimientos. MUCHAS GRACIAS! desde Lima/Perú",Crisis de sentido,positivo,0,0
5183,2025-12-18,yt_user_@SandraMej,Q excelente Farid!!! Muchas gracias!,Crisis de sentido,positivo,0,0
5184,2025-12-18,yt_user_@yoaledisb,"Que tantos elementos nos dejas, la muerte, la vida, la libertad en la conducta, la palabra el lenguaje, ame este video es para mirar varias veces y reflexionar. Gracias Farid !! Gracias BBVA ❤",Crisis de sentido,positivo,0,0
5185,2025-12-18,yt_user_@LauraCami,"Tqm Farid, de tu buscar y querer mejorar el mundo, has mejorado la perspectiva de cómo veo el mío, y eso me motiva cada día ❤ gracias ❤",Crisis de sentido,positivo,0,0
5186,2025-12-18,yt_user_@SophiaHil,Hermoso!! Gracias BBV por invitar a tantas personas tan sabias a compartir sus conocimientos 🎉🎉🎉,Crisis de sentido,positivo,0,0
5187,2025-12-18,yt_user_@madeleine,Muchas gracias Farid. Esta hora contigo ha sido un regalo. Muy inspirador ❤. Sin dudas estas contribuyendo a un mundo mejor.  Gracias por existir ! ❤🙏,Crisis de sentido,positivo,0,0
5188,2025-12-18,yt_user_@pedromogo,"Hermeneutica existenciaria pura hermano, felicitaciones, son temas muy complejos e inesperados para la mayoria de las personas, sin embargo tu didáctica y tu vocabulario llegan e impactan. Gracias",Crisis de sentido,positivo,0,0
5189,2025-12-18,yt_user_@angelicag,"Saludos desde España de una mexicana, qué ha sanado de muchas cosas gracias🙏💕",Crisis de sentido,positivo,0,0
5190,2025-12-18,yt_user_@Universal,"Un Ser Humano increíble que tiene la esperanza de tener un mundo mejor y empieza por el mismo, siendo como es y compartiendo mucha sabiduría. Eres lo máximo Farid por ello, te admiro! Gracias por ayudarnos a tener un mundo mejor!",Crisis de sentido,positivo,0,0
5191,2025-12-18,yt_user_@marthamor,❤❤❤ todas las contribuciones son significativas. Convertirnos en el sentido ❤️❤️❤️,Crisis de sentido,neutral,0,0
5192,2025-12-18,yt_user_@gloriamar,"Faried eres un sef de luz, gracias por tanto",Crisis de sentido,positivo,0,0
5193,2025-12-18,yt_user_@davidmalp,"Una joya de video, lleno de sabiduria, vivencias personales y mucha reflexion! Saludos desde Venezuela",Crisis de sentido,neutral,1,0
5194,2025-12-18,yt_user_@brendazam,"""No necesitas ser feliz para tener sentido, pero si necesitas sentido para ser feliz""❤",Crisis de sentido,positivo,0,0
5195,2025-12-18,yt_user_@maritzael,"Gracias Farid, x hablar del dolor y ayudar a  comprenderlo de otra forma y , de la aceptación como una oportunidad ara redirigir y seguir dándole sentido a la vida y al tiempo que no vuelve.... Muchas gracias.... te sigo",Crisis de sentido,positivo,0,0
5196,2025-12-18,yt_user_@anazambra,Me encanta tu esencia Farid  y he aprendido mucho de ello ... Solo los que transitamos ese camino. Aprendemos ese sentido y aún no lo sabemos .  El duelo nos cambia,Crisis de sentido,negativo,0,0
5197,2025-12-18,yt_user_@kettysanc,Maravilloso muchas gracias!!🎉❤,Crisis de sentido,positivo,0,0
5198,2025-12-18,yt_user_@desertor7,Somos eternos nuestra ecencia,Crisis de sentido,neutral,0,0
5199,2025-12-18,yt_user_@elsaferre,"Admirable este aprender juntos.  Realmente me llena de esperanza sobre la juventud escuchar a Farid, totalmente de acuerdo con el SER SIgnificado, construirlo, resignificar el absurdo es lo que da significado a su vida y tiene mucho para darnos!! Realmente cada uno debe llegar a un conocimiento de uno mismo para dar lo mejor de nosotros y crecer como humanidad. 
Gracias Farid, amo tu Propósito y lo que siembras en nuestros corazones.",Crisis de sentido,positivo,0,0
5200,2025-12-18,yt_user_@aura-123A,"😊 gracias por todo!! Estos mensajes nos ayudan tanto, aprendemos a salir adelante, entendemos que no estamos solos, que también otras personas sufren igual que nosotros 😢y que no todo esta perdido, que podemos salir adelante, que hay solución, y que no somos culpables por sentirnos mal, gracias de todo corazón!!",Crisis de sentido,negativo,0,0
5201,2025-12-18,yt_user_@adonayper,"Amo tu humildad, tu sabiduría y tu corazón grande. Gracias por tanto. Que te llegue mi abrazo.",Crisis de sentido,positivo,0,0
5202,2025-12-18,yt_user_@nadiaantu,"""Uno llora a aquellos gracias✨ a quienes es""✨",Crisis de sentido,positivo,0,0
5203,2025-12-18,yt_user_@carmencao,❤ ERES EL MEJOR. GRACIAS ❤,Crisis de sentido,positivo,0,0
5204,2025-12-18,yt_user_@SoledadFe,Gracias por existir 🎉,Crisis de sentido,positivo,0,0
5205,2025-12-18,yt_user_@karlavald,Que lindo escucharte! gracias 🙇,Crisis de sentido,positivo,0,0
5206,2025-12-18,yt_user_@LauraBoni,"Llevo un par de meses viendo en su canal a  Farid y me ha ayudado tanto , eres un ser de mucha luz , gracias , gracias !",Crisis de sentido,positivo,0,0
5207,2025-12-18,yt_user_@lorenitha,La profundidad de sus palabras... Gracias ❤,Crisis de sentido,positivo,0,0
5208,2025-12-18,yt_user_@patriciar,"Gracias por esta conferencia..que gran idea invitar a Farid Dieck, quien siempre es esta incentivando la reflexion en cada uno de sus videos😍",Crisis de sentido,positivo,0,0
5209,2025-12-18,yt_user_@guevaran1,Maravilloso ❤Gracias por compartir.,Crisis de sentido,positivo,0,0
5210,2025-12-18,yt_user_@marycarme,"Qué hermosas reflexiones, muchas gracias por compartir Sr Farid.",Crisis de sentido,positivo,0,0
5211,2025-12-18,yt_user_@mariachac,Gracias Farid lo estas haciendo muy bien te aplaudo de pie y claro que comparto este gran mensaje con los mios tambien !,Crisis de sentido,positivo,0,0
5212,2025-12-18,yt_user_@ExnaiderZ,"Gracias por compartir con nosotros tus habilidades y talentos únicos y auténticos , Es de gran inspiración y nos dejas una información muy importante y valiosa para poner en práctica en ser el sentido de nuestras vidas , Saludos desde Colombia.",Crisis de sentido,positivo,0,0
5213,2025-12-18,yt_user_@rebeeluuf,Farid gracias por todo,Crisis de sentido,positivo,0,0
5214,2025-12-18,yt_user_@DenisseGu,"No tengo palabras para expresar los grandioso de este video, y esto se debe a que todo lo que dices tiene mucha logica, pero muchos no tenemos la capacidad de pensarlo por nosotros mismos y vienes tu a compartirlo expresandolo de una manera clara, entendible y lo mas importante como lo mencione anteriormente LOGICO, Muchas gracias Farid.",Crisis de sentido,positivo,0,0
5215,2025-12-18,yt_user_@MarouaDra,Soy argelina y hispanohablante  a mi me gusta mucho escuchar sus podcast muchas gracias por vuestro esfuerzo dado a nosotros es un gran placer de aprender nuevas perspectivas de la vida ❤,Crisis de sentido,positivo,0,0
5216,2025-12-18,yt_user_@eduardofu,Cada mañana pienso en que el día está vacío y debo de llenarlo. Importante dar un sentido a la vida.,Crisis de sentido,neutral,0,0
5217,2025-12-18,yt_user_@fernandoa,"Gracias Farid, por esta máster 
 conferencia, eres ser Humano con mucha Luz creo que comparto mucho contigo algo que se llama HUMANISMO, gracias por estar ahí. DIOS nos bendiga a todos, saludos desde Acapulco Guerrero México",Crisis de sentido,positivo,0,0
5218,2025-12-18,yt_user_@elianamon,Divinos poemas y reflexiones Farid!!! ❤❤❤❤ Gracias 🎉🎉,Crisis de sentido,positivo,2,0
5219,2025-12-18,yt_user_@anitaagle,Mi youtuber favorito!! Muy certero!!! Me ha ayudado con muchos golpes que me ha dado sus palabras...... Por qué esto es así si quieres sanar!! Y volver a ver el sentido de la vida!!!🎉❤,Crisis de sentido,positivo,0,0
5220,2025-12-18,yt_user_@elvyrivie,"Ame escucharte, me sonaste tan resiliente, tan empatico, tan intelectual pero sin ser fastidioso, tan humano, tan conpleto, tan sincero, gracias mi niño! Eres un colega como el que no hay, ningun psicologo es como tú. Que seas eterno amigo! Gracias ❤",Crisis de sentido,positivo,0,0
5221,2025-12-18,yt_user_@susanadas,Ame cada segundo de este aporte a la humanidad! Simplemente gracias ❤,Crisis de sentido,positivo,0,0
5222,2025-12-18,yt_user_@mariaeste,"Gracias, gracias, yo se❤❤❤❤ que se ciente cuando  trascendió 
 mi hijo mayor..",Crisis de sentido,positivo,0,0
5223,2025-12-18,yt_user_@gabrielav,Lo mejor!! Que gran conferencia,Crisis de sentido,neutral,0,0
5224,2025-12-18,yt_user_@lisandroi,"Que espectacular, la vida y el sentido que le demos va en consecuencia a las nuevas experiencias consecutivas💆🏻‍♂️🙏",Crisis de sentido,positivo,0,0
5225,2025-12-18,yt_user_@solselene,Simplemente ….gracias por existir!! Farid🙏🏻♥️👌,Crisis de sentido,positivo,0,0
5226,2025-12-18,yt_user_@yaelo731,"La filosofía pregunta, la psicologia explica y el arte expresa",Crisis de sentido,neutral,0,0
5227,2025-12-18,yt_user_@lilymont2,Excelente exposiciòn !!! Gracias Farid Dieck,Crisis de sentido,positivo,0,0
5228,2025-12-18,yt_user_@7cromosom,Muchas gracias por este video 🙂💜💜💜,Crisis de sentido,positivo,0,0
5229,2025-12-18,yt_user_@ceciliabl,me gustó mucho... me encantó lo de la futuralgia... por lo que no sucedió,Crisis de sentido,neutral,0,0
5230,2025-12-18,yt_user_@bryanlabr,"Increíble todo lo que aprendí aquí, 1 hora de aprendizaje que probablemente me repetiré el resto de mi vida, muchas gracias por ayudar Farid, solo gracias ♥",Crisis de sentido,positivo,0,0
5231,2025-12-18,yt_user_@dominican,"Excelente conferencia.
Mi respeto para Farid.
Siento mucha admiración, la verdad que eres un diamante, una luz en este mundo de tantos YouTuber con poco o nada que aportar a la sociedad.
Muchos éxitos, larga vida.",Crisis de sentido,positivo,0,0
5232,2025-12-18,yt_user_@wioland,"""Lo que más le falta al mundo es lo que cada uno de nosotros ha venido a darle"" . Gracias Farid por darle un sentido a la vida en una sola frase ❤️🙏",Crisis de sentido,positivo,0,0
5233,2025-12-18,yt_user_@camipolga,"Farid es una persona demasiado inspiradora, gracias por compartir un pedazo de tu intelecto con nosotros.",Crisis de sentido,positivo,0,0
5234,2025-12-18,yt_user_@MrKariini,Tengo tanto que decir pero solo puedo decir que INSPIRADOR y gracias gracias gracias Farid ❤,Crisis de sentido,neutral,0,0
5235,2025-12-18,yt_user_@alejandro,gracias por hablar del dolor por que cuando siento el dolor de familiar te olbidas yu propio dolor,Crisis de sentido,neutral,0,0
5236,2025-12-18,yt_user_@andreaesp,Hicieron un excelente trabajo al reunir tan parecidas conferencias. Gracias por a su manera y con su experiencia ayudar a mejorar nuestro mundo.,Crisis de sentido,positivo,0,0
5237,2025-12-18,yt_user_@nataliaac,Tan humilde y con tanto para compartir. Gracias por tu escencia. Nos hace mejores personas. Tus motivaciones son nobles. Ese suceso tan doloroso lo has convertido en esperanza para alguien más. Tu hermano seguro estaría muy orgulloso de ti. Saludos,Crisis de sentido,positivo,1,0
5238,2025-12-18,yt_user_@nohemoral,Gracias Farid por esta charla tan motivadora                                                                                                                  y gracias tambien a BBVA                                                                                                                                          por favor Farid tu no porfavor .....tu nunca mueras.,Crisis de sentido,positivo,0,0
5239,2025-12-18,yt_user_@guadalupe,"Hola Farid ojalá algún día leas esto,.GRACIAS tus videos en todas las Plataformas en lo personal me han ayudado mucho,. Y decirte que des por Hecho que tu esperanza  personal de la que hablas en este video ya ha dado fruto y des por hecho que ya has hecho mucho por es mundo con tus sabias y coherentes palabras 😊",Crisis de sentido,positivo,0,0
5240,2025-12-18,yt_user_@pedro1967,Gracias Faryd!... Un abrazo fuerte desde Ecuador 🇪🇨🇪🇨🇪🇨🇲🇽🇲🇽🇲🇽,Crisis de sentido,positivo,0,0
5241,2025-12-18,yt_user_@lilianama,Que linda su conferencia para la pérdida de un hijo una clase magistral y para bien de lo que pasamos muchas Madres gracias por compartir 👍❤️💪,Crisis de sentido,positivo,1,0
5242,2025-12-18,yt_user_@FabiánRey,"Desde Colombia un saludo a todos y un abrazo para quien lo necesite y para quienes aun tenemos esperanza apesar de todo,se les quiere y Farick un adelantado a nuestra epoca que impresionante lo bien que entendio la vida a tan corta edad❤️❤️🫶🏾🫶🏾",Crisis de sentido,positivo,0,0
5243,2025-12-18,yt_user_@josejaime,Gracias Farid GRACIAS,Crisis de sentido,positivo,1,0
5244,2025-12-18,yt_user_@juanmanue,"Genial, muchas gracias de verdad",Crisis de sentido,positivo,0,0
5245,2025-12-18,yt_user_@jennycald,"Buen día 🙏mi persona favorita. 😃 Agradecida 🙏 por su existencia en este planeta ,maravillosa. Para cambiar nuestro mundo tiene que empezar de nosotros y aceptarnos. Y poder comprender a otros ..A veces, nos falta desarrollar nuestros sentidos,creo que es eso. 
Trato de dar lo mejor de mi a otras personas, porque creo que nací ,con un sentido. El de Contribuir? Me encantó escucharte.. Bendecido hombre espectacular!!",Crisis de sentido,neutral,0,0
5246,2025-12-18,yt_user_@evelynqui,"Me encantó, muchas gracias!",Crisis de sentido,positivo,0,0
5247,2025-12-18,yt_user_@TaniaDavi,"😢 Dios bendiga su vida,es muy susceptible,y en eso me identifico saludos y bendiciones desde Ecuador  , excelente entrevista me impacto mucho y aprendí mucho mil gracias 🫂🙏🥰",Crisis de sentido,positivo,0,0
5248,2025-12-18,yt_user_@ganyelita,Gracias BBVA por Aprendamos juntos! Contenido que alimenta la mente y el alma ❤ Gracias Farid por compartir tus experiencias y reflexiones!!! Aprendemos juntos 🫶🏼,Crisis de sentido,positivo,0,0
5249,2025-12-18,yt_user_@Eugeniade,"Qué ser humano tan genial primero, y segundo qué profesional! lo da todo.
Gracias por tu aporte a mi crecimiento, y tener mejor salud mental y de muchos más.
Saludos des Ecuador 🇪🇨
08+02-2024",Crisis de sentido,positivo,0,0
5250,2025-12-18,yt_user_@hugoherre,"Un gusto y un placer conocerte encantas cuando alguien imparte sabiduría atrasvez se sus palabras y conocimiento en base a su experiencia de vida, tiene mucho sentido gracias",Crisis de sentido,positivo,0,0
5251,2025-12-18,yt_user_@nelaazv74,Bastante buena su ponencia con sus analogías 👏🏼👏🏼👏🏼,Crisis de sentido,neutral,0,0
5252,2025-12-18,yt_user_@laviacand,Que hermosa alma tiene este hombre . Realmente sus palabras llegan . Gracias por esto Farid,Crisis de sentido,positivo,1,0
5253,2025-12-18,yt_user_@paxycampo,"Un planteamiento muy similar al de Saramago en ""Las intermitencias de la muerte"" Excelente charla!",Crisis de sentido,neutral,0,0
5254,2025-12-18,yt_user_@josemilla,Wowo que Brutal hermano llore casi todo el episodio 😢 gracias por todas estas reflexiones ❤,Crisis de sentido,neutral,0,0
5255,2025-12-18,yt_user_@rossmeryc,Farid siempre cuenta las historias de una manera llena de magia.,Crisis de sentido,neutral,0,0
5256,2025-12-18,yt_user_@BenjaminL,Gracias por reforzarme cada vez que acudo o me encuentro contigo!,Crisis de sentido,positivo,0,0
5257,2025-12-18,yt_user_@rodrigogu,"Gracias,  De verdad En un lenguaje muy sencillo pero con sentido. Logras transmitir una perspectiva fresca y seleccionadora.",Crisis de sentido,positivo,0,0
5258,2025-12-18,yt_user_@danieldur,"Que estupenda sesión han tenido, mi mayor adminración a Farid, un gran expositor del material de calidad que podemos encontrar en estos medios masivos de comunicación, sin dejar de lado que, vale la pena buscar este material de calidad.",Crisis de sentido,neutral,0,0
5259,2025-12-18,yt_user_@danielest,"Gracias BBVA y Farid por compartir y generar conciencia del SER, para aportar dentro de nuestra particularidad esa pieza que el mundo necesita para ser mejor. 🤜💥🤛",Crisis de sentido,positivo,0,0
5260,2025-12-18,yt_user_@AdrianaMa,"Incredible el amor que este muchacho tiene por la humanidad en si 
Y el corazón ♥️ que le pone a todas sus palabras 
Wow impresionada 
Gracias, Gracias, Gracias 🙏",Crisis de sentido,positivo,0,0
5261,2025-12-18,yt_user_@ivanismae,Solo a Dios la gloria,Crisis de sentido,negativo,0,0
5262,2025-12-18,yt_user_@Melingome,Gracias x tus palabras me funcionó perfecto,Crisis de sentido,positivo,0,0
5263,2025-12-18,yt_user_@mellitik,"Esa ponencia de Farid me deja impactado en el ben sentido de la palabra. Es muy interesante , mil gracias por hacer llegar ese enfoque, muy personal y a la vez universal, y hacer reflexionar sobre uno mismo.",Crisis de sentido,positivo,0,0
5264,2025-12-18,yt_user_@fredyucha,"Eres un gran ser humano Farid , y  esta consiguiendo tu 
Proposito de ayudar a los demas, 
Por q.nos das esperanzas para este mundo q parece ya perdido , 
Con tus relatos, tus consejos y nos haces ver las cosas de una forma diferente , q algunas cosas son inevitables , pero q todo puede ser también para mejor , 
gracias por eso 
👏👏😉",Crisis de sentido,positivo,0,0
5265,2025-12-18,yt_user_@gwilespin,"Cuanta sabiduría, gracias por su aporte al mundo, espectacular entrevista, ahora entiendo por que este man narra como narra. 💚💚💚💚💚💚",Crisis de sentido,positivo,0,0
5266,2025-12-18,yt_user_@Noramabel,Todas sus palabras e información me hace acordar a Job a lo que Dios nos quiere explicar mediante Job,Crisis de sentido,neutral,0,0
5267,2025-12-18,yt_user_@JoséLuisR,Muchas gracias por esas palabras muy alentadoras Dios te bendiga siempre saludos desde Bolivia,Crisis de sentido,positivo,1,0
5268,2025-12-18,yt_user_@maribelba,"Siendo tan joven Farid Dieck, es sumamente sabio y con un gran sentido de la responsabilidad!! Gran madurez, posee una mente maestra! Muchas gracias por este video!! Invita a que pensemos y vivamos más integralmente!!",Crisis de sentido,positivo,2,0
5269,2025-12-18,yt_user_@karoljoha,"""Futuralgia, un nombre a la medida para el dolor de una vida no vivida""
                                                                               -Farid Dieck",Crisis de sentido,neutral,0,0
5270,2025-12-18,yt_user_@M.Remedio,Muchas gracias me gustó,Crisis de sentido,positivo,0,0
5271,2025-12-18,yt_user_@naikabona,"Un placer poder escuchar lo que expresa, hace lo complejo sencillo, compartiendo con un ejemplo vivido en su propia experiencia la búsqueda del sentido, ese espacio de constructo que surge entre la vida y la muerte, gracias:face-red-heart-shape:",Crisis de sentido,positivo,0,0
5272,2025-12-18,yt_user_@marcelasa,".. Conmovedora y contundente, mis palabras favoritas paea una sesión cómo esta, para provocar entusiasmo y cómo bien lo dijeron al final, llenarnos de Esperanza y sentido para experimentar el Vivir...!!! Gracias Farid❤",Crisis de sentido,positivo,0,0
5273,2025-12-18,yt_user_@verodutra,Lo que más me impactó de esta oratoria es que en cada frase o idea hay un gran concepto; como lo más básico y conocido  se re significa envuelto en una lingüística laxa y fusión de ideas. - “Ser significado y no buscar significado”- .     My blessings on your contribution as an agent 🙌🏻,Crisis de sentido,neutral,0,0
5274,2025-12-18,yt_user_@nisamolin,"Gracias BBVA por estos videos tan espectaculares, son una gran iniciativa! EXCELENTES PONENTES, Farid Dieck, es una de las mentes jovenes mas impactantes que existen en el mundo actualmente, un ser humano admirable vino a enseñarnos!!!",Crisis de sentido,positivo,0,0
5275,2025-12-18,yt_user_@paolavale,Me encontré estoy de Casualidad.... y lo Ame....perdí a mi hijita ....vi el dolor de su hermana.... Gracias por tus Palabras.....❤,Crisis de sentido,neutral,0,0
5276,2025-12-18,yt_user_@henrybren,"ME GUSTA SU INTELIGENCIA, YO TAMBIÉN POR MOMENTOS PIENSO ASÍ PERO ME DA MIEDO COMPARTIRLO",Crisis de sentido,negativo,0,0
5277,2025-12-18,yt_user_@adriandev,"Buen video, lo conoci viendo sus reviws de peliculas a traves de la psicologia y filosofia, excelente video BBVA.",Crisis de sentido,positivo,0,0
5278,2025-12-18,yt_user_@janethmog,Encontré el tema sin buscar y llegó en el momento indicado. Gracias 4:41 PM del día 20 de diciembre,Crisis de sentido,positivo,0,0
5279,2025-12-18,yt_user_@HeiderNov,El arte de la filosofia,Crisis de sentido,neutral,0,0
5280,2025-12-18,yt_user_@darvislop,"Cuando habló del sentido de la vida me recordó el libro ""El hombre en busca de sentido"".",Crisis de sentido,positivo,2,0
5281,2025-12-18,yt_user_@isabelzav,"El sentido no se construye, se descubre!!",Crisis de sentido,neutral,0,0
5282,2025-12-18,yt_user_@reynatruj,"Hoy sufrí mucho con recuerdos dolorosos, pero abri mi cel y apareciste, gracias mil🙏se te devuelve todo lo bueno que das. Un abrazo 🤗",Crisis de sentido,positivo,0,0
5283,2025-12-18,yt_user_@mariarubi,"ME Encanta filosofar te disfruto mucho, tú manera muy particular de Filosofía.🔥🎄💜 
Es una mano tibia,
echa palabra, qué en un acto, de caricia a cada uno de éste mundo....  Llene el Alma  😌 🙏 🌻  ✨GRACIAS POR COINCIIDIR  ✨
Un abrazo grande 🙏 DIÓS TE BENDICE TQMIL 🎄💜🌞🎶",Crisis de sentido,positivo,0,0
5284,2025-12-18,yt_user_@maribelpe,"""Quizás la esperanza sea lo mejor de las cosas. No podemos dejar que la esperanza muera nunca""
Excelente vídeo. Calma el dolor  profundamente. Gracias 🌹",Crisis de sentido,positivo,0,0
5285,2025-12-18,yt_user_@UsuarioM-,"Genio total Farid!! “ la oración de palabras como una analogía de nuestras vidas…mientras no exista un punto final está la posibilidad de añadir nuevas palabras que nos permitan resignificar lo que nos tocó vivir…” 
Un lujo esta charla!! Muchas gracias!!!!",Crisis de sentido,positivo,0,0
5286,2025-12-18,yt_user_@marthaviv,"Q platica tan interesante, me encanto Farid Dieck !! Gracias al proyecto Aprendemos Juntos, llevo más de un año siguiéndolos y en verdad han sido de gran significado para mi existencia. Los comparto y claro q confío en que lograremos aprendiendo juntos un Mundo 🌍 mejor🙏🏽❗️",Crisis de sentido,positivo,0,0
5287,2025-12-18,yt_user_@ariadnaya,"Farid, mil gracias por el sentido que estas construyendo de tu ser, porque gracias a está plática le he dado un mejor  sentido al duelo de la perdida de una madre a mis 15 años, la perdida de un hermano mayor a mis 33 años y aceptar profundamente  esta paradoja del sinsentido.
A un mejor entendimiento en mi búsqueda de sentido. El mensaje que nos dedicas de aportar lo mejor que tenemos al mundo, es una  resignificación en ese proceso de sentido a nuestras vidas.",Crisis de sentido,positivo,2,0
5288,2025-12-18,yt_user_@brendazam,"""Las cosas pasan por algo"" frase que decía constantemente y sentía el mismo sentimiento que explicaba Farid, una nueva forma de ver lo que nos pasa, demasiado épico ❤",Crisis de sentido,neutral,0,0
5289,2025-12-18,yt_user_@HilmerRod,"Excelente, impresionante y gracias;nada más que decir.🫡",Crisis de sentido,positivo,1,0
5290,2025-12-18,yt_user_@SrgtMante,"""El sentido de la vida/ El sentido de vivir""",Crisis de sentido,positivo,1,0
5291,2025-12-18,yt_user_@toquedepa,Cada minuto de este vídeo és una gran lección  para la vida. Simplesmente genial. Gracias por compartir🙏,Crisis de sentido,positivo,1,0
5292,2025-12-18,yt_user_@mariaojed,Si se que las cosas pasan para que camviemos y hagamos un mundo mejor pero para seguir adelante y contruir  con nuestras experiencias algo mas genuino atraves del dolor claro esta que eso los hace mas humanos cuando experimentamos los sentidos dolor amor fuerza dios nos creo de esa manera y tratar de ser empatico con los demas y tratar de ser feliz con las pequeñas cosas de la vida por que no viviremos para siempre un mundo mejor porque el que vivimos ya esta muy toxico y un granito de arena creo que hace la diferencia ❤ muchas gracias lindo mensaje,Crisis de sentido,positivo,0,0
5293,2025-12-18,yt_user_@kassiadis,silencio! mi terapia empezó,Crisis de sentido,neutral,0,0
5294,2025-12-18,yt_user_@xaralymor,Dios nada más que te quite la energía aquello que no puedes cambiar waoo,Crisis de sentido,neutral,0,0
5295,2025-12-18,yt_user_@NinjaRR-q,"farid apesar de sentir que mi vida se vino abajo tus videos y consejos me dan una ultima esperanza de seguir adelante todos tus videos siempre tienen un mensaje nuevo para mi se que no miraras este comentario pero espero que cuando lo hagas te sientas mejor de saber que tus videos me ayudan a seguir adelante espero de todo corazon que la vida te siga sonrriendo por ser ese arbol que le da la sombra a viajeros cansados en este camino llamado vida... 

gracias.",Crisis de sentido,positivo,0,0
5296,2025-12-18,yt_user_@mariachac,"Creo que cada cosa que nos pasa en la vida sea considerado por nosotros bueno o malo, vino dejando una lección para hacernos más amorosos, humanos, humildes, serviciales, productivos, agradecidos y una infinidad de términos que nos llevan a ser nuestra mejor versión ❤",Crisis de sentido,positivo,0,0
5297,2025-12-18,yt_user_@Emily-ke9,"Estoy sumamente sorprendida de la sabiduría, elocuencia, y propiedad con la que hablas. Felicitaciones, Farid. Gracias por esto y por todos lo que le hicieron posible",Crisis de sentido,positivo,1,0
5298,2025-12-18,yt_user_,Gracias por compartir tu sabiduría y tus vivencias; conocí de Farid por un Tik tok me impactó ver a una persona  joven con tanta sensibilidad. Felicitaciones👏👏,Crisis de sentido,positivo,0,0
5299,2025-12-18,yt_user_@marianidi,"Gracias por este podcast ,escuchar ha este gran ser humano es muy satisfactorio aprendo mucho y me ayuda ha mejorar muchas cosas en mi diario vivir y me recarga y me llena de ganas de vivir.",Crisis de sentido,positivo,1,0
5300,2025-12-18,yt_user_@erickreyn,La vida tiene que ser agridulce para que tenga sentido,Crisis de sentido,positivo,0,0
5301,2025-12-18,yt_user_@SandraPac,"Gracias por estos espacios tan significativos, que nos permite generar conciencia de nuestras acciones y pensamientos.",Crisis de sentido,positivo,1,0
5302,2025-12-18,yt_user_@glorialud,"CORDIAL SALUDO DESDE COLOMBIA❤ MUY INTERESANTE LOS TEMA, TOOODOS TUS VÍDEOS ❤️❤️❤️",Crisis de sentido,positivo,1,0
5303,2025-12-18,yt_user_@FelipeMv-,"Yo no veo migajeros, gracias.",Crisis de sentido,positivo,0,0
5304,2025-12-18,yt_user_@danielmar,"Como me gusta este chaval, gracias por haberle invitado a dar esta charla",Crisis de sentido,positivo,1,0
5305,2025-12-18,yt_user_@LeandroHe,Muy educativo e interesante gracias por el programa,Crisis de sentido,positivo,0,0
5306,2025-12-18,yt_user_@changuirr,"Maravillosos todos sus videos, me hace ser una persona mejor en todos los aspectos. Muchisimas Gracias.",Crisis de sentido,positivo,1,0
5307,2025-12-18,yt_user_@claudiagu,"Gracias, no sabes como medio Esperanza, el saber que au  tengo la posibilidad de sanar y de ser cambiar este dolor y tristeza de mi ser",Crisis de sentido,neutral,1,0
5308,2025-12-18,yt_user_@josegabri,"Lo conocí hoy,  abrió mi mente a un nuevo despertar ❤ gracias",Crisis de sentido,positivo,1,0
5309,2025-12-18,yt_user_@rosanna_h,"Que belleza de ser humano eres Farid ❤ Amo tu sensibilidad y tu sentido de vida!! disfruto cada video que haces con tanto amor y ahora más al conocerte un poco mejor. Amé el concepto y el poema de la Futuralgia, GRACIAS !!!",Crisis de sentido,positivo,1,0
5310,2025-12-18,yt_user_@ederflore,wow muy buwa conferencia felicidades  FARID ES MUY BUEN FILOSOSFO PENSE QUE SOLO EXPLICABA PELICULAS,Crisis de sentido,negativo,0,0
5311,2025-12-18,yt_user_@RMSofos,"Indudablemente la psicología es una de las hijas menores de la Filosofía.
Una buena interpretación de diferente referentes en la historia de la filosofía, y demás.
Siempre es grato escuchar a alguien que ha leído un poco, aún cuando no enseñe las referencias literarias de las cuales ha sacado sus ideas.
Felicitaciones!",Crisis de sentido,neutral,0,0
5312,2025-12-18,yt_user_@Aprendemo,"¡Hola! Gracias por tu mensaje, significa mucho para nosotros. ¡Te mandamos un gran abrazo y lo mejor para este 2025!",Crisis de sentido,positivo,0,0
5313,2025-12-18,yt_user_@AngelicaA,me inspiras Farid Dieck quiero ser doctora y filosofa .Gracias.,Crisis de sentido,positivo,1,0
5314,2025-12-18,yt_user_@patricio7,"El sentido de la Vida es tan Grandioso e inconmensurable , que definitivamente no puede ser explicado por un ser humano, solo el amor de los humanoides podria quisas explicar el sentido de esta existencia.",Crisis de sentido,positivo,0,0
5315,2025-12-18,yt_user_@johanasal,"Farid Dieck enriquecedor escucharte, importante tener grabado esto: lo que le falta al mundo es lo que cada uno le falta darle⭐⭐⭐⭐⭐, somos agentes para construir un mundo mejor y eso es lo que le da sentido a nuestra vida.",Crisis de sentido,positivo,2,0
5316,2025-12-18,yt_user_@jairojara,"Acabo de ver la serie wanda visión y sentía que describía lo que sería la futuralgia, la tristeza de una viva no vivida , excelente charla!!",Crisis de sentido,positivo,0,0
5317,2025-12-18,yt_user_@publicida,"Cada vez que te escucho quería darle like, pero me di cuenta ya te avía dado like. Lástima que no lo puedo hacer varias veces",Crisis de sentido,neutral,1,0
5318,2025-12-18,yt_user_@cristophe,"Nostalgia:
 Nostos =retorno
Algia= dolor",Crisis de sentido,negativo,0,0
5319,2025-12-18,yt_user_@carmengar,"Tiene toda la razón Javier, esto está generalizado, yo viendo tu video y mis dos nietas asumidas en su teléfono, quisiera cambiar eso pero no debo mandarlas, son sus padres. Ojalá no nos suceda eso de la inteligencia artificial.",Crisis de sentido,neutral,0,0
5320,2025-12-18,yt_user_@La_T4n4ru,"buff, qué final, lloré y todo, jaja. Farid te admiro mucho, a veces me siento un poc similar a vos con tu pensamiento y forma de ver las cosas y la verdad a veces me siento triste, porque la sociedad pareciera que se vuelve más y más egoísta, pero cuando veo tus videos y reflexiones, me doy cuenta que aún hay esperanza y me siento bien de ir por el camino que voy. gracias",Crisis de sentido,positivo,0,0
5321,2025-12-18,yt_user_@leoaviles,"Farid tiene una ventaja extraordinaria que no tiene otros, su público tiene un espectro generacional muy amplio, de hecho su contenido en RRSS es tan variado pero siempre lleva implícita un análisis desde su perspectiva, que ya vemos está nutrida de estudios y experiencias personales. Yo si creo en el aporte que está haciendo en los canales mas sensibles.",Crisis de sentido,neutral,0,0
5322,2025-12-18,yt_user_@Nachlawi,Se puede notar mucho la influencia de Albert Camus y Ernesto Sabato en sus palabras. Dos de mis autores favoritos. Un grande Farick Dieck,Crisis de sentido,neutral,0,0
5323,2025-12-18,yt_user_@angelicag,"Hola te escribo desde otro lado del mundo, me gustaría que fracmentaras, éstos diálogos porque hoy en día la gente no sé da el tiempo para escuchar y está terapia me parece muy importante, saludos desde la Madre Pratria de una mexicana que no pierde sus raíces aún cuando han pasado 25 años❤😊",Crisis de sentido,neutral,0,0
5324,2025-12-18,yt_user_@douglassa,"Gracias, gracias, gracias. Interesante manera de hablar. Saludo desde Costa Rica🇨🇷, abrazo hasta🇲🇽
Attem: yudi",Crisis de sentido,positivo,1,0
5325,2025-12-18,yt_user_@RosaElena,"Buenas Tardes gracias por este grato video. A mi me gusta escuchar esas platicas algo de filosofia por asi decirlo. Y recuerdo que cuano era niña iba a la iglesia con mi prima y una compañera de la escuela dominical cayp grabemente enferma le dio  leusemia y en ese tiempo esa enfermedad no tenia cura y bueno conversando con mi prima me dijo te apuesto a que no se recupera y yo le dije yo creo que se va a recuperar..y entre bromas dijimos una puesta y bueno en conclusion fallecio. Y yo dije pero se oro se dijo que el podet de Dios lo puede todo. Pero no recordamos que es mejor pedir la voluntad de Dios que El todo lo hace perfecto en su tiempo. Yo lo entiendo despues porque primeramente mi amiga estaba sufriendo con los dolores en sus piernas, y tambien eran muchos hijos la hermanita para poder ayudarle ps hania mucha necesidad economica donde viviamos. Pero Dios acomodo las cosas tras su muerte vinieton ayuda de otro lado y la union en su familia de mi amiga se dio. Y bueno hay veces la voluntad de Dios no se entiende del todo claro pero te digo que su amor de Dios es algo que con palabras no se puede explicar porque yo perdi a mi Mamita y hay veces la recuerdo mucho ya que era mi amiga tambien y bueno hay veces hay impaces en la viduuu y uno quiere que sus seres queres este ahi escuchandonos pero te dire que ella como humana no podia estar en todas me dejo explicar a lo que voy bueno yp tengo una educacion cristiana y mi fe que se a desarrollado en mi vida es ahora solida te dire que tambien fallo pero como lo se que Dios aunque no lo vea ni escuche esta ahi conmigo y bueno cuamdo hay algo triste y pido hay veces desde muy dentro de mi siento tranquilidad y paz que se me pasa la tristeza y mas calma . Y es algo personal que se da en cada ser humano si es que tu lo deseas. Pero muchas veces pasan cosas que no se dan pero no quiere decir que es porque esta todo petdido pues Dios siempre tiene todo friamente calculado como decia el chapulin colorado jejejeje. Que tengas un exelente dia. Bendiciones a mil😊",Crisis de sentido,positivo,0,0
5326,2025-12-18,yt_user_@jhulliana,"Cuando Farid habla del sentido de la vida respecto a la muerte, me recuerda a un verso de Jorge Manrique en Coplas a la muerte de su padre.
""Nuestras vidas son los ríos que van a dar en la mar, que es el morir"".",Crisis de sentido,neutral,0,0
5327,2025-12-18,yt_user_@joseluisj,"Ijole mano que barbaridad eres impresionante Dios que profundo, filósofo claro que lo eres, rompiste caparazones con una tersura, cumples, inspiras y transformas, gracias por modelar en el cómo, años de no oír tan a flor de piel lo que importa. Así simple y complejo a la vez GRACIAS por tu granote",Crisis de sentido,positivo,2,0
5328,2025-12-18,yt_user_@MiriamMar,"Que bella forma de analizar la vida Farid, es muy real 👏 pero muy fuerte, es obligatorio tener terapias y pláticas constantes con gente que te aprecia,  muchos absurdamente dicen abiertamente y estúpidamente, que es el Karma, son tan ignorantes, con falta de empatía, de amor propio, porque no les nace un poco de amor y compasión por los demás ❤ y cuando pierdes uno y otro y otro ser querido y muy cercano, es lo absurdo e inocencia de la vida, como bien dices, sin embargo, cuando entendemos que son aprendizajes y logras crecer y avanzar poco a poco, te puedes reencontrar con el creador del universo para iniciar de nuevo ❤",Crisis de sentido,positivo,0,0
5329,2025-12-18,yt_user_@Aprendemo,"¡Saludos! Gracias por escribirnos, esperamos que las futuras charlas también sean de tu agrado. 😊💙",Crisis de sentido,positivo,1,0
5330,2025-12-18,yt_user_@Aprendemo,"¡Saludos de parte de toda la producción! Gracias por escribirnos, te invitamos a suscribirte al canal para no perderte las futuras charlas. 🤗💙",Crisis de sentido,positivo,0,0
5331,2025-12-18,yt_user_@daniuxdan,Muchas gracias ❤ estoy pasando por una situación difícil y ver esta charla me ayudó mucho,Crisis de sentido,positivo,0,0
5332,2025-12-18,yt_user_@YelitzaRo,"Tengo mucha futuralgia , deseo albergar una nueva esperanza para seguir viviendo.",Crisis de sentido,positivo,1,0
5333,2025-12-18,yt_user_@maytegonz,Sabía que no era cualquier influencer se notaba que era estudioso grande Farid buen video Gracias BBVA por traernos este tipo de contenido muy bueno,Crisis de sentido,positivo,0,0
5334,2025-12-18,yt_user_@ElsaSalaz,"Querer colocar en una jerarquía de ""infalible"" a cualquier ser humano, padres, pareja, amigos, en este caso Farid, es decisión personal.
Personalmente, tomo todo lo positivo de cualquier persona que se cruza por mi vida, consciente de que todos somos falibles y todos estamos en proceso.
Gracias Farid porque en mi proceso de mamá en duelo por mí única hija y su papá, tú compañía a través de tus pláticas han sumado a querer reencontrarme con el sentido de continuar  viviendo.
Eres un ser humano de valor ❤️.",Crisis de sentido,positivo,0,0
5335,2025-12-18,yt_user_@Aprendemo,¡Saludos hasta Nicaragua! Gracias por pasar y dejarnos tu comentario.,Crisis de sentido,positivo,0,0
5336,2025-12-18,yt_user_@AlinormaD,Veo tus video y me fortalecen.perdi a mi hijo cuando tenia.15 años.y no esido la misma todavía le pregunto a Dios k paso😢,Crisis de sentido,neutral,0,0
5337,2025-12-18,yt_user_@albertope,"Como bien dice Mario Alonso Puig, somos seres de luz y que verdad más grande, gracias le doy a Dios por haber visto este video y conocer a este buen ser de luz",Crisis de sentido,positivo,1,0
5338,2025-12-18,yt_user_@jorgesala,La felicidad está en encontrarle sentido a la vida,Crisis de sentido,positivo,0,0
5339,2025-12-18,yt_user_@ClasesVir,"ojala Farid haga un video de los power rangers, algun dia...xd",Crisis de sentido,neutral,0,0
5340,2025-12-18,yt_user_@RocioGonz,"😱💓 wuao yo sabía que eras impresionante Farid pero te confieso que nunca me había dado el chance de escuchar un video tuyo completo, siempre los escuchaba a medias, hoy que me siento un poco triste y cabe destacar que mi tristeza tiene muchos motivos pero que no mencionaré ahorita porque se aburrirían, pues Dios y El universo colocaron tu video en mi camino y me dijeron: ESCUCHALO HASTA EL FINAL! y wuao lo valió cada segundo, quedé impactada , que BELLEZA, Dios te bendiga siempre y te de mucha salud y larga vida 🙏🏽❤️",Crisis de sentido,neutral,0,0
5341,2025-12-18,yt_user_@JavierEli,"El sentido de la vida está en el dador de la vida 
Padre eterno 
Padre celestial",Crisis de sentido,positivo,0,0
5342,2025-12-18,yt_user_@freddyfue,"Agradecido con Dios por este hermoso tema sobre el valor de la vida, me alegra desde mi poca experiencia saberme capaz de poder ayudar también a personas que pasan por este tipo de experiencias",Crisis de sentido,positivo,1,0
5343,2025-12-18,yt_user_@ANGELMOIS,"gracias Farid, desde que te hicieron la pregunta de la esperanza se sabia que responderías: ""Un mundo mejor"" se nota cuando alguien quiere que las personas mejoren y no obligarlas a pensar de una manera y buscar un bando",Crisis de sentido,positivo,0,0
5344,2025-12-18,yt_user_@kirsyesco,"Me encanto el inicio y el desarrollo de la charla, es genial me ayudo a clarar varias dudas que tenía. Excelente",Crisis de sentido,positivo,1,0
5345,2025-12-18,yt_user_@Lourdesyo,Gracias me has dado una esperanza  para dar significado a la vida.,Crisis de sentido,positivo,1,0
5346,2025-12-18,yt_user_@jorgesala,"Esperanza viene de 
Esperar con confianza ,  en ese sentido de la vida que nos dirige hacia  nuestro destino",Crisis de sentido,positivo,0,0
5347,2025-12-18,yt_user_@Aprendemo,"¡Hola! Nos alegra saber que esta charla te fue útil. 😊 Recuerda que nuestros contenidos están diseñados para inspirar y orientar, pero no reemplazan el acompañamiento de un profesional. Te recomendamos acercarte a un especialista para recibir apoyo personalizado. 💙🩹",Crisis de sentido,neutral,0,0
5348,2025-12-18,yt_user_@DonPepe-h,"Escucharlo nos crea un entusiasmo esperanzador, pero la REALIDAD es tal que cada vez apreciamos mayor distanciamiento fisico con nuestros pares, en una mesa todos con su movil, es tan incierto el futuro, que cuanto mas desarrolle la IA, todo es filtro,fantasía y envidia.",Crisis de sentido,positivo,0,0
5349,2025-12-18,yt_user_@valeriago,"Cuando habla de un mundo mejor y contribuir a ello por que hay esperanza, fe y que somos agente de cambio yo me siento así,  soy enfermera y no puedo evitar sentir empatia en los peores momentos... y la gran pregunta q me hice mucho tiempo porque este mundo es tan desigual... unos ricos y otro extremo y no incluyo a Dios en esto porque cada uno tiene el poder de decidir pero a mi me duele... e inclusive si esta podridamente rico porque vive en una jaula donde muchos nunca salen y no ven el mundo real y no pueden sentir lo q otros",Crisis de sentido,positivo,0,0
5350,2025-12-18,yt_user_@yendriloc,"Este proyecto ha transformado mi vida, y estoy plenamente agradecido y a la vez insisto con la promoción de este contenido a nivel global.

Soy un antes y un después, llegué a BBVA APRENDEMOS JUNTOS a través del AJEDREZ, con LEONTXO GARCÍA, disfrute del 90% de las conferencias, aprendí sobre neurociencias y me motivo a estudiar dicto charlas y conferencias en la universidad primada de America, UASD y en centros educativos, respecto a las neuroeducación, a su vez, organizo el congreso anual “LAS MARAVILLAS DEL CEREBRO, y participo activamente en medios de comunicación divulgando los aprendizajes adquiridos en primera instancia en “APRENDEMOS JUNTOS”.


Mi parte favorita ha sido ”A MI YO ADOLESCENTE”.",Crisis de sentido,positivo,0,0
5351,2025-12-18,yt_user_@JoseSolor,Desde el momento en que encuentras un sentido a tu vida has entrado en el Inframundo de la neurosis,Crisis de sentido,positivo,0,0
5352,2025-12-18,yt_user_@SandraSot,"Es la primera vez que veo/escucho a este joven.

El tema desarrollado no está lejos de nuestro entorno, es un tema dinámico con el cual nos conectamos rápidamente.
Me llamó la atención el énfasis en el ""absurdo"" ese absurdo del que habló y estudió el único y mejor exponente del ""sinsentido de la vida"" ; Albert Camus.
En su trilogía del absurdo habla exactamente de sentido de la vida para todos, y del ""sinsentido de la vida para él""
Albert Camus, un gran maestro.

No alcanzaría una hora para entender y comprender el ""absurdo"".

...",Crisis de sentido,positivo,0,0
5353,2025-12-18,yt_user_@felixpine,Filosofía del existencialismo,Crisis de sentido,neutral,0,0
5354,2025-12-18,yt_user_@yeniferar,Acabo de descubrir que sufro un caso crónico de futuralgia,Crisis de sentido,neutral,0,0
5355,2025-12-18,yt_user_@Aprendemo,"¡Hola! Nos alegra saber que esta charla te fue útil. 😊 Recuerda que nuestros contenidos están diseñados para inspirar y orientar, pero no reemplazan el acompañamiento de un profesional. Te recomendamos acercarte a un especialista para recibir apoyo personalizado. 💙🩹",Crisis de sentido,neutral,0,0
5356,2025-12-18,yt_user_@leonkopel,"Hola Farid,
Soy un gran admirador de tu trabajo y del impacto positivo que tienes en la juventud de México. Sé que la política puede no ser el enfoque principal de tu audiencia, pero estamos enfrentando desafíos serios en nuestro país. La Constitución fue creada para protegernos de gobiernos corruptos que amenazan nuestros derechos humanos.
Te invito a que utilices tu influencia y la de tus seguidores para compartir tus puntos de vista sobre la libertad, la vida y la propiedad privada. Tu voz puede ser crucial para inspirar a muchos a involucrarse en la defensa de nuestros derechos y el futuro de México.
Gracias por considerar este llamado.
Espero que te sea útil.",Crisis de sentido,positivo,0,0
5357,2025-12-18,yt_user_@lidiaagui,Aceptar el diagnóstico de epilepsia y autismo de mi hija me ha costado pero mi pregunta de ahora en mas en vez de porque me pasa esto será para que me pasó ❤,Crisis de sentido,neutral,0,0
5358,2025-12-18,yt_user_@jacquelin,"Muy cierto, yo siempre me he preguntado porque me  ha tocado vivir la situación con la familia y algo que me mantuvo viva desde niña fué la esperanza de que un día todo cambiará y será mejor. Hoy que ha pasado el tiempo puedo ver que es asi.",Crisis de sentido,positivo,0,0
5359,2025-12-18,yt_user_@SandraCan,Eso me pasa a mi siempre.lucho contra la muerte es como q no la acepto y eso me pone re mal sabiendo q es parte de nuestra existencia y q eso no se puede cambiar,Crisis de sentido,negativo,0,0
5360,2025-12-18,yt_user_@blancalan,"Este joven me recuerda a cómo hablaba María Félix, el acento, el tono el sentido…. 🤔🤔🤔",Crisis de sentido,neutral,2,0
5361,2025-12-18,yt_user_@JhanzAnto,Sabías palabras titán bestia,Crisis de sentido,neutral,0,0
5362,2025-12-18,yt_user_@luciahern,"Justamente soy una madre soltera, y mis hijos son el sentido de mi vida, y también es el motivo por el cuál es dificil encajar en ciertos estereotipos sociales, pero lejos de estigmatizarme y sentirme vulnerable, me hace especial, no todos dan pensando en la recompensa, yo doy, porque ese es mi sentido. Y no sabes como te agradezco, que en este momento, abraces y recalques el SENTIDO DE MI VIDA, que me invites a construir la felicidad de la gente, que de manera ciclica, a mi me hace feliz. Te admiro, respeto y abrazo desde lo más sincero de mi corazón. Te sigo y GRACIAS POR TODO LO QUE NOS COMPARTES.",Crisis de sentido,positivo,1,0
5363,2025-12-18,yt_user_@DIOSCONMI,"Muchos tratamos de conseguir la felicidades obteniendo cosas materiales, sin saber que la verdadera felicidades la tenemos dentro de nosotros y aprovechando el entorno que nos rodea; UNA MADRE, UN PADRE, UN HERMANO, UN AMIGO y aun más esos pequeños momentos que pasamos con ellos.    No dejemos que la vida se nos vaya tratando de perseguir aquello que no tenemos, si no aprovechando con lo que contamos hoy. 🙏🙏",Crisis de sentido,positivo,1,0
5364,2025-12-18,yt_user_@teologico,"Gracias a Dios por la muerte en este mundo imperfecto; ella nos mueve a buscar la necesidad de trascender, de valorar mas esta vida y nos da la oportunidad anhelas algo más. Jesús nos ofrece la oportunidad de vivir para siempre (Juan 3:16).",Crisis de sentido,positivo,0,0
5365,2025-12-18,yt_user_@Isaacmc-x,Lo mejor en la vida es ser feliz sin preocuparse por absolutamente nada disfrutar con tus familiares y ya,Crisis de sentido,positivo,1,0
5366,2025-12-18,yt_user_@hiokokan2,Esto es una joia! Me encanto y no dudo que su vida es una bendicion para las personas que lo escuchan,Crisis de sentido,positivo,1,0
5367,2025-12-18,yt_user_@alexsamur,"Excelente Exposición por parte del gran Farid Dieck.💯👌👍
Me gusta leer aunque no lo hago recurrente mente, leyendo uno encuentra pensamientos colectivos de diferentes culturas y entre esos conceptos están apreciaciones hacia la muerte muy acertadas en mi opinión, por ejemplo en la cultura japonesa, la muerte se considera una transición natural y, aunque se aborda con rituales específicos, no es un tema tabú. Se ve como un paso a otra forma de existencia, donde los difuntos continúan vinculados a sus familias y comunidades. El budismo y el sintoísmo influyen en estas creencias, que incluyen rituales para el duelo y el respeto a los antepasados, como la creación de altares con fotos de los fallecidos y la preparación de comida especial, además hay conceptos de la filosofía oriental incluidos pero son muy extensos para explicarlos.
En diferentes momentos de mi vida he tenido pensamientos suicidas y la lectura me ayudó a quitarme esas ideas de la cabeza gracias a conceptos de otras culturas sobre la muerte, es más amo los dibujos de esqueletos y calaveras porque eso somos ""hermosos esqueletos vivientes""👈❤",Crisis de sentido,positivo,0,0
5368,2025-12-18,yt_user_@EstherAbi,Tú vida carrece de sentido si no le sirve a Jehová Dios esa es nuestra razón de nuestra existencia 💯👍🤗👌❤️,Crisis de sentido,positivo,0,0
5369,2025-12-18,yt_user_@Aprendemo,"¡Hola! Tu comentario nos motiva mucho, gracias por compartirlo. Te mandamos nuestros mejores deseos para este 2025.",Crisis de sentido,positivo,0,0
5370,2025-12-18,yt_user_@patman948,26:27 El duelo se gana... rindiéndote... Magia... Gracias Farid por todo todo lo que nos regalas...,Crisis de sentido,positivo,0,0
5371,2025-12-18,yt_user_@luismedin,"Aqui llorando en la oficina, muy lindo... nunca me habia dado la oportunidad de escucharte",Crisis de sentido,neutral,1,0
5372,2025-12-18,yt_user_@ricardoco,Excelente: me vino a la mente que también la filosofía es psicología y arte. La psicólogia es también filosofía y arte. Y el arte también es filosofía y psicología. La reflexión que nos viene de escuchar a un conferencista es señal de que estamos poniendo atención.,Crisis de sentido,positivo,0,0
5373,2025-12-18,yt_user_@anabeldia,"Farid, valoro mucho tu trabajo. Eres increíble. Pones en palabras pensamientos complejos que no sabemos explicarnos ni a nosotros mismos.
Gracias 
Saludos desde Cuba",Crisis de sentido,positivo,0,0
5374,2025-12-18,yt_user_@josefranc,"Sin excepción nadien está preparado para la muerte, por eso estamos buscando día a día viajes, poder, riqueza, títulos, cosas materiales. Y nos olvidamos de lo más importante ser mejores seres humanos, pero traemos siempre la soberbia, el resentimiento, el odio,el rencor, la frustración. Y por esa razón no tenemos en claro cuál es el sentido de la vida",Crisis de sentido,negativo,0,0
5375,2025-12-18,yt_user_@Vicxpeflo,"Que video más bueno, me llegó en un momento en que realmente necesitaba escuchar algo así. A lo largo del video me encantó el como Farid comunica lo que quiere decir y además la calidad de lo que él dice, esto me ayudó a descubrir que también me gusta el área humanista y estoy pensando en hacer algún posgrado dentro de este área (Soy estudiante de Ingeniería)",Crisis de sentido,positivo,0,0
5376,2025-12-18,yt_user_@etcymatos,"Exacto eso te iba decir somos seres sociales pero al final cada uno decide ser feliz con lo que tiene , sin conformarse sino que hizo y realizo todo lo que tenia para vivir en esta vida, no es fácil pero si nos planteamos a ver lo bueno y lo bueno que es Dios y el poder de amor que nos da .",Crisis de sentido,positivo,0,0
5377,2025-12-18,yt_user_@Excelprac,"Ese amiguito  de farid menciona que duelo tiene una dualidad , sin darse cuenta que duelo de conflicto y duelo de dolor por perdida provienen de palabras latinas distintas. Duellum  y dolus , palabras latinas distintas , en realidad duelo y duelo de guerra son  homónimos. Y ese amiguito de farid da conferencias donde desnuda su ignorancia y todos se deleitan admirándola 😂😂🎉🎉🎉❤",Crisis de sentido,neutral,0,0
5378,2025-12-18,yt_user_@Aprendemo,"Hola Ricardo, gracias por compartirnos tu reflexión. 💙😊",Crisis de sentido,positivo,0,0
5379,2025-12-18,yt_user_@Aprendemo,"¡Saludos! Gracias por pasar y dejarnos tu comentario, te deseamos mucho éxito en tus estudios de ingeniería. 💙😊",Crisis de sentido,positivo,1,0
5380,2025-12-18,yt_user_@serproped,"Que importante es saber que podemos ser conscientes de nuestras emociones pero no responsables absolutos. La felicidad no es fenómeno individual. El rol de la comunidad. Estamos condicionados a estar aunque sea idealmente con un otro. Para bien o para mal. El otro es una de las mayores fuentes de lo que le da un sentido a la vida se vincula con un otro.Estsmos conectados a los demás. Mayores problemas de salud mental estan mas vinculados con el estar solos.La empatía es la capacidad de la persona de entender al otro mas alla de lo que muestra un otro. El lenguaje verbal es impreciso. Ej. Que es la belleza? La imprecision del lenguaje. Hay juegos del lenguaje. Eso produce muchos malentendidos. Lo que se dice no siempre es lo que se dice. La imprecision del lenguaje nos lleva a tratar de usar otras estrategias del mismo lenguaje, en los distintos ámbitos. No todo es textual. Lenguaje no verbal es importante.El autoconocimiento es libertad 🕊️",Crisis de sentido,neutral,0,0
5381,2025-12-18,yt_user_@matiasval,"Me gustó mucho el vídeo, gracias! Y pienso que cuando te refieres a que el sentido de la vida se construye a partir del lenguaje y de las experiencias que vivimos, donde no tenemos que necesariamente entender que las cosas suceden en el momento que suceden, al final toma sentido la frase ""las cosas pasan por algo"".",Crisis de sentido,positivo,1,0
5382,2025-12-18,yt_user_@Magdis_Pl,La realidad es...  conocerte interiormente ❤ que no vayas por el 🌎 atraido por la vanidad y la mercadotecnia 📺... que entiendas que nada es para siempre... que seamos respetuosos y tolerantes con nosotros mismos y todo lo que nos rodea❤... punto🌟🌹,Crisis de sentido,positivo,0,0
5383,2025-12-18,yt_user_@alexandra,"¿Cuál es el sentido de mi vida? en algún momento me sentía perdida porqué no encontraba ese sentido, así que decidí vivir plenamente y abrazar cada día. 💘",Crisis de sentido,positivo,0,0
5384,2025-12-18,yt_user_@Leah2812-,"El sentido de la vida  es conservar la vida misma en el tiempo. Es transmitir los conocimientos a otros de manera que la vida continue porque es lo que mantiene todos los sistemas en marcha.   Entonces, cada cierto tiempo cambia de forma, evoluciona para poder seguir existiendo ""la vida"" 😊",Crisis de sentido,positivo,2,0
5385,2025-12-18,yt_user_@lachina38,"Que hombre tan hermoso, un ser tan especial por dentro con un corazón tan noble y de oro ❤ me hizo llorar cuando se le quiebra la voz al decir lo que a él le da esperanza,  sin pensarlo...tan genuino y puro pensamiento, lleno de sentimiento. Lo amo ❤❤❤",Crisis de sentido,positivo,0,0
5386,2025-12-18,yt_user_@martamari,"Muchas gracias por esta programación de Aprendamos Juntos, me han ayudado mucho en todo el sentido de la palabra. Cada uno de ellos con mensajes muy valiosos como el presente. Gracias BBVA y a su equipo, por hacerlo posible ❤❤❤❤❤",Crisis de sentido,positivo,2,0
5387,2025-12-18,yt_user_@Aprendemo,"Hola Glenda, gracias por compartirnos un poco de ti, lamentamos mucho tu perdida, esperamos estos contenidos te sean de compañía en tu proceso.",Crisis de sentido,positivo,0,0
5388,2025-12-18,yt_user_@janeswet4,Vivimos silo por vivir me despierto viva y vivo ese dia.eso es todo.solo camina y no.mires atras camina y camina no dramaticen tanto,Crisis de sentido,negativo,0,0
5389,2025-12-18,yt_user_@GuilleSeg,""" deja que tu memte y poder por querer vivir te guien a tener un sentido en la vida siempre y cuando sea para bien, sin importar que la vida te de un no como repuesta destruyendo tu presente, transformalo en tu propio si porque tu eres el presente de tu vida y deja que transforme el futuro de los demás para UN MUNDO MEJOR "" eso fue lo que entendí...",Crisis de sentido,neutral,1,0
5390,2025-12-18,yt_user_@marielaac,La muerte es la posibilitándola del sentido .. para que algo suba de valor delve ser escasa si el tiempo en esta vida es temporal es escasa valoraremos más a nuestros seres queridos a los que te rodean dando un abraso pero que tal si puédanos todos eternos y siempre uviera un mañana no le diéramos valor a alguien o algo ni lo extrañaríamos .. disculpa no savia donde anotarlo””,Crisis de sentido,neutral,0,0
5391,2025-12-18,yt_user_@davidpine,"Es muy sensato y aceptable en lo que menciona Farid,pero para que la pena no consuma tu esperanza de vivir es ganar la bendicion o aprobacion del Dios de Amor y eso quedara a su  voluntad sin exigir solo ganar y es una lucha constante,hasta que llegue SU JUSTICIA,a la tierra...",Crisis de sentido,positivo,0,0
5392,2025-12-18,yt_user_@CARLOSMEN,Venezuela vive una futuralgia.... Porque muchas cosas nos fueron arrebatadas....,Crisis de sentido,neutral,0,0
5393,2025-12-18,yt_user_@modaudiod,"linda platica, mis respetos y escucharlo es interesante, pero hablarnos de la vida? que edad tienes? son testimonios y una historia de una vida joven en proceso es todo.",Crisis de sentido,positivo,1,0
5394,2025-12-18,yt_user_@doralisas,"Hola querida.sigo a Farid en su interesante trabajo. Y así llegué a leer tu comentario. La herida que sea q haya te puedo asegurar por experiencia  propia que Jesús puede cambiarla,no es mito ni religiosidad,él da un nuevo sentido de vida.el es real.",Crisis de sentido,positivo,0,0
5395,2025-12-18,yt_user_@z6k-z5e,Es aceptar la realidad de que la persona se fue por un bien mejor no se sabe si de el que esté con Dios según la creencia de cada quien o por qué vienen buenos tiempos y no por que se allá ido si no por que morir también es nacer para todos por que cambia la vida para todos los que se relacionaban con la persona que ya no está ❤,Crisis de sentido,positivo,0,0
5396,2025-12-18,yt_user_@matixpere,"Excelente modo de ver la vida.. la pregunta que yo le habría hecho (teniendo en cuenta la actualidad y que se esta poniendo de moda) si tuviera la oportunidad de tenerlo en persona es, el Ser Humano, por que debe sentirse atado o mas bien arrestado a la palabra VIRALIDAD de una cosa o de alguien? osea, si un video de YouTube (sea cualquiera la causa) se hace ""VIRAL"", porque me debería gustar ese mismo video, en ese contexto, lo miro porque me gusta?? o porque sigo lo que las demás personas hacen o dicen?? y es lo que hoy en día esta pasando mucho🤔 Saludos desde Argentina Farid Dieck sos un crack",Crisis de sentido,positivo,2,0
5397,2025-12-18,yt_user_@Aprendemo,"Hola, gracias por escribirnos, saludos hasta Mérida. Te mandamos un fuerte abrazo y te invitamos a seguir disfrutando de los contenidos del canal. 😊💙",Crisis de sentido,positivo,1,0
5398,2025-12-18,yt_user_@ceyerreye,La palabra irremedial no existe,Crisis de sentido,neutral,0,0
5399,2025-12-18,yt_user_@yarilsame,"Futuralgia es lo que estoy sintiendo en este momento, es lo que me esta carcomiendo;La futuralgia se ha hecho dueña de mis días, llenándome de melancolía.

FUTURALGIA ES LA PALABRA A LA MEDIDA QUE DEFINE QUE LO QUE SOÑE COMO MI VIDA NUNCA SERA VIVIDA.  

Inspirada  por el poema de Farid Dieck.",Crisis de sentido,positivo,1,0
5400,2025-12-18,yt_user_@chamomile,"Muy buena charla.



 
12:41
15:04
16:07
21:36 Duelo/ Enfrentarse al absurdo
25:51
3:20 La felicidad es un lujo
32:18
37:06 El valor de la comunidad  47:06  El autoconocimiento
48:53 ¿Qué es?
51:06 El pasado, presente y futuro. 
53:32 El duelo y la certeza futura
53:32 La esperanza y EL FUTURO
1:03:17 No hay contribución insignificante: Convertirnos en el sentido🌟",Crisis de sentido,positivo,0,0
5401,2025-12-18,yt_user_@emilia634,"ahora mismo estoy pasando un momento sumamente difícil, este video me ayudó mucho a entender mi sentido de la vida en este momento, me había salido este video en mis sugerencias semanas después de haber sido publicado, pero no llamó tanto mi atención, hoy recordé que no había acabado de ver este video y fue lo mejor que pude hacer, estaba sin motivación y no le encontraba sentido a mi vida, agradezco ampliamente a Farid por sus palabras y experiencia, sin sus palabras no habría sido posible que hoy me levantara de la cama.",Crisis de sentido,positivo,1,0
5402,2025-12-18,yt_user_@robegber,"18:03 El punto inicial, diría.",Crisis de sentido,neutral,0,0
5403,2025-12-18,yt_user_@josea.viv,Me siento como estar en la MATRIX.... OJALA SUPIERAMOS QUE SENTIDO TUVIERAMOS AL NACER ..CREO QUE SERIA UN GRAN ALIVIO PORQUE ASI NO PERDEMOS LO MAS VALIOSO ...QUE ES EL TIEMPO.!!,Crisis de sentido,positivo,0,0
5404,2025-12-18,yt_user_@MariaAlfo,Me.paso exactamente lo mismo.  Cuando perdí a mi hermana con mi sobrina en un accidente que eran más que mi hermana para mi era una hija mas. Ya que era la mas pequeña. Y a raíz de eso mi vida cambió para siempre .A partir de ese día fue un antes y un después. Mi pensamiento siempre es ese. Que la vida no tiene sentido.,Crisis de sentido,positivo,0,0
5405,2025-12-18,yt_user_@rodrigoca,23:29 Diavlo q pega foerte. Me dejo atontao,Crisis de sentido,neutral,0,0
5406,2025-12-18,yt_user_@farifeto,"La búsqueda del sentido de la vida termina cuando descubres que no eres el centro: Cristo lo es. En Él entiendes quién eres, por qué existes y hacia dónde vas. Todo lo que buscamos propósito, identidad, paz, dirección cobra sentido cuando dejamos de construir sobre vacíos y empezamos a construir sobre Él. Cristo no solo da sentido a la vida: la transforma, la ordena y la llena. Cuando Él ocupa el lugar principal, todo lo demás encuentra su lugar.",Crisis de sentido,neutral,1,0
5407,2025-12-18,yt_user_@Aprendemo,"¡Hola! Nos alegra saber que esta charla te fue útil. 😊 Recuerda que nuestros contenidos están diseñados para inspirar y orientar, pero no reemplazan el acompañamiento de un profesional. Te recomendamos acercarte a un especialista para recibir apoyo personalizado. 💙🩹",Crisis de sentido,neutral,1,0
5408,2025-12-18,yt_user_@Aprendemo,"Saludos, María. Antes que nada, gracias por tomarte el tiempo de escribirnos, realmente lo apreciamos. Aunque nuestros contenidos buscan inspirar y acompañar, entendemos que hay situaciones que requieren apoyo especializado. Te animamos a buscar la ayuda que mereces y te enviamos un fuerte abrazo. 💙

Si algún día quisieras asistir como público a una de nuestras grabaciones en CDMX, será un placer recibirte. Solo envía un correo a publico@asombro.teknei.com con el asunto: Asistencia al foro. ¡Nos encantará verte allí!",Crisis de sentido,positivo,0,0
5409,2025-12-18,yt_user_@Vidente7,"Eclesiastés 7:2:

""Mejor es ir a la casa del luto que a la casa del banquete; porque aquello es el fin de todos los hombres, y el que vive lo pondrá en su corazón.""

Este verso nos invita a meditar en la muerte porque nos recuerda la brevedad de la vida y nos motiva a vivir con sabiduría.",Crisis de sentido,neutral,1,0
5410,2025-12-18,yt_user_@claudiaco,la palabra se llama huerfilia la escuche de un tanatologo,Crisis de sentido,neutral,0,0
5411,2025-12-18,yt_user_@moisesrom,"Me han dicho estas palabras  NO VAS A LLEGAR LEJOS , NUNCA LLEGARAS A 1 MILLON DE SUBCRIPTORES POR QUÉ ERES VENEZOLANO,  EN UN CALNAL IMPORTANTE VV DE MI PROPIA NACION ME DIJO  UN PROFESOR NO SIRVES COMO CANTANTE , EN FIN MUCHAS PALABRAS HIRIENTES HOY SIGO BUSCANDO LA OPORTUNIDAD DE SER ESCUCHADO,  Y GRACIAS A ESTE CONTENIDO NO PIERDO LA ESPERANZA 😢😢😢😢😢GRACIAS POR ALIVIAR UN POCO MI DOLOR DIOS LES BENDIGA",Crisis de sentido,positivo,0,0
5412,2025-12-18,yt_user_@cocosavin,Entonces el sentido de la vida viene a ser la lucha diaria por demostrarle a la vida misma la capacidad que tenemos de sobreponernos a lo que venga....,Crisis de sentido,positivo,1,0
5413,2025-12-18,yt_user_@frankagui,En esencia la vida carece de sentido uno debe de encontrar el sentido ya que el lenguaje carece de definición y se vuelve interpretativo,Crisis de sentido,positivo,0,0
5414,2025-12-18,yt_user_@Alexkss29,"Hola tengo 12 años amo sus reflexiones y puntos de vista tengo una tarea y expondre esto mañana 

La busqueda del sentido de la vida -Farid Dieck
Presentación:
Hola soy Alex gracias por regalarme su atención si hay sentido de la vida 
Introducción:
Pienso que la vida es absurda y nos exige constantemente la construcción de un sentido para poder navegarla 
Cuando prefieres algo, pero recibes lo contrario o esperas un sí de la vida, pero en lugar de eso recibes un “no” 
Aquí es donde surge el absurdo y por esto empiezan las preguntas que son revelaciones de lo absurdo que son como “pelearse con la vida” preguntas como:      ¿Por qué yo?, No puede ser etc.
Presentación filosófica:
Estoy ansioso de escuchar todas sus preguntas, soy un amante de la filosofía y psicología y es interesante como esto se relaciona porque la filosofía pregunta y la psicología explica y se que esas 2 cosas me constituyen
Participación de evento catastrófico de algún compañero:
El absurdo se asocia quizás a algún evento traumático no se la perdida de alguien, ¿alguien me puede dar un ejemplo de su experiencia?
(Relato de compañero)
Es increíble que no hay cual palabra para expresar que un padre, madre que a perdido alguien.
Es en este momento donde ¿qué pasa? Pues me empiezo a preguntas lo que pienso del mundo de alguna u otra forma a hacer preguntas digamos existenciales.
La muerte es la constitución de un sentido esta movida por la muerte ¿Por qué? Porque si estamos aquí para después no estar nuestra misma conciencia nos obliga a encontrar un sentido de esta vida de otra forma la vida seria insoportable es interesante reflexionar, hay una relación cognitiva directa entre lo escaso de a algo y su evaluación entre mas escaso se perciba algo pues es mayor su evaluación y aprecio , lo que representa la escases de la vida es la muerte, lo que hace que la vida sea escasa es la muerte, lo que hacer que sea temporal a mi es la muerte y ahí es donde pensamos que es algo negativo malo pero si nos ponemos a entender el tema es importante es bella porque encontramos cosas por las que vale la pena vivir
¿Cómo podemos valorar nuestras actividades, o personas que están con nosotros si fuéramos para siempre Si siempre hubiera un mañana?
       No hay escases en ese sentido y si no hay escases no hay valoración
Hay un valor interesante como la motivación por vivir 
“Y es una paradoja porque quisiéramos ser eternos para seguir experimentando esas cosas que nos dan ganas de vivir, pero si todo es eterno no tendría escases y si no hay escases no habría valor si no tuviera valor no querríamos vivir”
La muerte es el punto final de la posibilidad es decir mientras haya vida tenemos posibilidad de hacer cosas distintas.",Crisis de sentido,negativo,0,0
5415,2025-12-18,yt_user_@chisquill,Vine a ver como iniciar una conferencia para mi tarea y me quede por lo interesante que es esta 👌🏼,IA y Autonomía,positivo,194,0
5416,2025-12-18,yt_user_@Anythingi,Qué increíble cruzarme con este video y darme cuenta que es del 2017 ! Hace 6 años... Hoy en día todo esto es realidad y ese video en su tiempo era una concientización acerca del futuro!!🎉❤,IA y Autonomía,positivo,12,0
5417,2025-12-18,yt_user_@roaldyrol,Osea que en un futuro envés de contratar una empleada doméstica se comprara una maquina y listo trabaja sin descansar no se enferma no pide vacaciones jajaja,IA y Autonomía,neutral,17,0
5418,2025-12-18,yt_user_@UlithHeza,"Buscando información para mis alumnos de 13 años, me quedé a ver el contenido y es una excelente explicación y guia del tema. Gracias, sigue vigente.",IA y Autonomía,positivo,25,0
5419,2025-12-18,yt_user_@valefanto,Permiso voy a usar tu video para mi blog parcial de Informatica.,IA y Autonomía,neutral,3,0
5420,2025-12-18,yt_user_@pedroalex,Muy impactante este tema ❤❤❤ gracias,IA y Autonomía,positivo,3,0
5421,2025-12-18,yt_user_@lexabreu9,"Muy interesante, ese debate de si la inteligencia artificial sería peligrosa o no para la humanidad por lo desconocida que es aún para nosotros.",IA y Autonomía,positivo,5,0
5422,2025-12-18,yt_user_@DanielLop,Nosotros siempre somos quienes nos atacamos unos con otros y la inteligencia artificial va a ser una buena y mejorada arma de ataque cuando caiga en manos equivocadas,IA y Autonomía,neutral,4,0
5423,2025-12-18,yt_user_@yomismo62,"Hace añales esto se hace. Y con  precisión no se  le consideraba IA sino sistema experto, y cuando hacia aportes sistema experto avanzado....pero los publicistas para venderlos y decir que era un avance enorme empezaron a llamarlos IA... y se popularizo... cuando deberia ser un sistema que funcione tal como un ser humano y no restringido a un área. Y así cambian los términos... la publicidad...",IA y Autonomía,positivo,5,0
5424,2025-12-18,yt_user_@eduaringa,Algo extraordianrio para que el mundo se enfrente a estos desafios que corroboran a juventud y el despertas de nuestra nuev GENERACION,IA y Autonomía,neutral,0,0
5425,2025-12-18,yt_user_@omarcarmo,La pregunta que podría hacer la máquina quién soy de dónde vengo y a dónde voy .esa pregunta aún no tiene respuesta por el humano .La otra pregunta que pueda hacer la máquina que es justicia y que es lo bueno o lo malo y que es la moral .Si la máquina aprendió del humano pueda que lo supere y tenga la respuesta o se parezca demaciado al humano en esto último si estaríamos en problema y puede que sea el último día como especie dominante,IA y Autonomía,positivo,4,0
5426,2025-12-18,yt_user_@javiernav,Vengo del futuro a confirmar todo 😅,IA y Autonomía,neutral,3,0
5427,2025-12-18,yt_user_@CarlosFra,"Espero no ofender, pero ultimamente cuando pienso en la Inteligencia Artificial y en el futuro me da un ataque de ansiedad, porque tengo mucho miedo de que varios trabajos desaparezcan y muchas otras cosas más también",IA y Autonomía,negativo,7,0
5428,2025-12-18,yt_user_@Picachito,“La IA no es la que te va a quitar tu trabajo; el que te va a quitar tu trabajo es alguien que si sepa usar la IA”,IA y Autonomía,neutral,2,0
5429,2025-12-18,yt_user_@SrLatam27,"No estamos hablando de máquinas expendedoras de soda.
Es algo que incluso logrado el sistema  .
Tendrían que ser instaurados los entornos para ello .
Sin mencionar el hardware material de diseño industrial .
Y quien lo usaría 7 000 millones ?!",IA y Autonomía,neutral,2,0
5430,2025-12-18,yt_user_@Gigjbvv,Inteligencia artificial. Vamos mas,IA y Autonomía,neutral,1,0
5431,2025-12-18,yt_user_@titosoto8,"Sin duda alguna considero que será de Buenaventura este nuevo paso de la inteligencia artificial, también creo que la inteligencia artificial nos servirá para estar más cerca de los nuestros y vivir como corresponde ya que estás súper máquinas nos estarán resolviendo cada uno de los trámites que debamos tener y para terminar la conciencia humana no tiene vasto y es es de energía infinita como el universo en cambio la maquinas se apagan con un botón y ya...",IA y Autonomía,neutral,17,0
5432,2025-12-18,yt_user_@mercedesz,"Hay algo que también quiero decir, he conocido en mi vida tanta gente artificial que no dudo que la solución sea la IA",IA y Autonomía,positivo,1,0
5433,2025-12-18,yt_user_@editz1679,alguien viene por la tarea de tecnologia?,IA y Autonomía,neutral,25,0
5434,2025-12-18,yt_user_@mbeatrizc,"El ajedrez nivel 10 te fulmina Rapidamente, piensa mas veloz, tiene mejor memoria. Pero que jodido Maestro!!!",IA y Autonomía,neutral,4,0
5435,2025-12-18,yt_user_@mariopazu,Pero Turing murio antes de Que se cree el termino inteligencia artificial,IA y Autonomía,neutral,1,0
5436,2025-12-18,yt_user_@jacobrequ,Su programa de IA no es tan complicado de hacer. Sólo se usa la información de los datos almacenados.,IA y Autonomía,neutral,4,0
5437,2025-12-18,yt_user_@andyjius2,LA INTELIGENCIA ARTIFICIAL DE LA LUNA....ES LA QUE LLEVA....NUESTRO PLANETA MATRIX 3D....🤐,IA y Autonomía,neutral,0,0
5438,2025-12-18,yt_user_@brijetqui,2024 La IA ahora está más presenté ...,IA y Autonomía,neutral,4,0
5439,2025-12-18,yt_user_@AndreaVic,"Lo que sucede esq no van a reemplazar a los médicos , porque las manos y el dedo de la evolución el pulgar podrá generar intervenciones quirúrgicas y empatía humana que no podrá sustituir la ia. Pero el trabajo del fotógrafo , de la edición , del diseñador , del psicólogo , del actor , del traductor podrá desaparecer en cualquier momento .",IA y Autonomía,neutral,0,0
5440,2025-12-18,yt_user_@raulsetne,Haciamos carrmano de obra y reducen tiempos de fabricacion    La IA es parecida  el riesgo es este   TODA LA INFORMACION QUE SE LE DA A LA OA PARTE DE ESOS NEUROLOGOS PERO Y SI TODOS DIERON EL DIAGNOSTICO EQUIVOCADO   pues la IA  tambien dara diagnosticos equivocadoseteras con picos palas cerrotes etc todo manual   era myt duro ppero al final las haciamos   y con el tiempo llegaba nueva maquinaria y era menos duro y mas rapoido el trabajo       Las  maquinas ahorran +,IA y Autonomía,neutral,0,0
5441,2025-12-18,yt_user_@mercedesm,"No estoy tan de acuerdo con ese reduccionismo de que salud, trabajo y muerte dependa de la IA",IA y Autonomía,negativo,0,0
5442,2025-12-18,yt_user_@vaninaviv,La IA es increíble! quiero trabajar en eso!!!!!!! wtf??' este video es de hace 7 años??? yo recién empecé a usarla hace un año..... repito: WTF??,IA y Autonomía,neutral,1,0
5443,2025-12-18,yt_user_@dannilolo,Y si alguna vez el inescrupuloso baja la palanca del WI FI ? ... nos deja a todos en pelotas. No es buena la inteligencia Artificial.  Es un negocio para pocos. Seguro...! 😮,IA y Autonomía,neutral,0,0
5444,2025-12-18,yt_user_@SandroSal,Llegaste a exponer el avance pero no expandiate el tema,IA y Autonomía,neutral,0,0
5445,2025-12-18,yt_user_@marceloja,"SEÑOR  Diego Fernández Slezak: LA INTELIGENCIA ARTIFICIAL, NO SE BASA EN ALGORITMOS DE ""COMPARACIÓN Y CONCIDENCIA"". CREO QUE LO ÚNICO QUE HACE ESTE SUJETO, ES PROMOCIONAR SU ""APP"". PD: SOY PROGRAMADOR DESDE HACE 30 AÑOS Y SÉ DE LO QUE HABLO. PD2: COMENTARIOS SIN CONOCIMIENTO, ABSTENERSE.",IA y Autonomía,neutral,5,0
5446,2025-12-18,yt_user_@Fer-lr7xr, @orecalle  pero hay problemas de energía cada vez mas fuerte. es lo que no se dice de las consecuencias.,IA y Autonomía,neutral,1,0
5447,2025-12-18,yt_user_@colibri.9,"No tiene alma, fuerza de voluntad, n la capacidad de incrementar la resiliencia, ni subjetividad. Errar es nuestro gran poder.",IA y Autonomía,positivo,0,0
5448,2025-12-18,yt_user_@marceloja,"""ATRA VEZ? TARGETA?"" LINDO IGNORANTE SOS Y VENÍS A OPINAR DE LA IA... ASÍ ESTÁ EL MUNDO...",IA y Autonomía,neutral,3,0
5449,2025-12-18,yt_user_@luisangel,"en desacuerdo, los algoritmos buscan patrones para encontrar la armonía en los datos per se, ósea que no está lejos de comparar y coincidir.",IA y Autonomía,neutral,1,0
5450,2025-12-18,yt_user_@jfranrive,También soy programador y he trabajado con tecnología de IA. Lo que dice el conferencista es absolutamente real.,IA y Autonomía,positivo,1,0
5451,2025-12-18,yt_user_@jossdelun,"La IA, es un tema que debe considerarse sobre diferentes aristas, porque en buenas manos será útil, pero en malas manos será un arma de control mundial.",IA y Autonomía,negativo,0,0
5452,2025-12-18,yt_user_@alexandre,la Inteligencia Artificial como la que anseamos por exisitir es un mito tan fantasioso y fantásticamente especulativo como lo es la presencia de extraterrestres en la Tierra,IA y Autonomía,neutral,11,0
5453,2025-12-18,yt_user_@alexandre,"""Alexandre Rocha Existen seres en otras galaxias, esta comprobado matemáticamente y lógicamente,...""

No seas ridículo, no confundas la realidad con la fantasia.",IA y Autonomía,positivo,2,0
5454,2025-12-18,yt_user_@ZabalaX,"Ya viajaron al futuro para comprobarlo?
Lo que pensamos en una simple limitación de lo posible",IA y Autonomía,neutral,1,0
5455,2025-12-18,yt_user_@alexandre, @ZabalaX  estamos ya en él futuro... Mirad que és lo que ocurre ahora. En iugar de AI en verdad lo que tenemos és el Covid.,IA y Autonomía,positivo,0,0
5456,2025-12-18,yt_user_@facundoar,"POV: 5 años después la IA escriben textos, cuentos, poemas, dibujos, pinturas...",IA y Autonomía,neutral,1,0
5457,2025-12-18,yt_user_@alexandre,"@facundoarkangel130  pero sigue no siendo Inteligencia artificial, sino algoritmos avanzados o asistentes de la inteligencia humana",IA y Autonomía,neutral,1,0
5458,2025-12-18,yt_user_@McMarte.5,"Aprende un poco de redes neuronales artificiales a ver si te das cuenta que es verdad, hace 4 años teníamos artículos escritos por IA y ahora que esperas? Obvio que se habla de esa tecnología de muchas formas especulativas, pero es porque tiene el potencial de hacerlo y cumplir.",IA y Autonomía,positivo,0,0
5459,2025-12-18,yt_user_@alexandre," @McMarte.5  ""Aprende un poco de redes neuronales artificiales...""  y tu sabes mucho? en cual laboratorio tu trabajas.... vete a estudiar o leer un poco así podrás saber que lo todo se ve en un estagio más especulativo que propriamente que algo real.... Redes neuronales artificiales son parte de lineas de estudios....",IA y Autonomía,positivo,1,0
5460,2025-12-18,yt_user_@Mike_Adub,"jajaja no mames, si bien no esta a nivel de lo mostrado en la ciencia ficción, claro que existe",IA y Autonomía,neutral,0,0
5461,2025-12-18,yt_user_@katiaurru,"Creo que no puedes decir que esto es ficticio o no, muchas veces las personas solo vemos lo que queremos ver, con lo que tu comentaste esto, es un tipo de inteligencia artificial, lo estás tocando lo estás viendo, no es ficticio, es Real.",IA y Autonomía,neutral,0,0
5462,2025-12-18,yt_user_@antoniogr,"Alexandre Rocha Existen seres en otras galaxias, esta comprobado matemáticamente y lógicamente, obvio que de la noche a la mañana una IA no conquistara a los humanos ni los erradicara, pero de que se puede, no, de que se podrá, si.",IA y Autonomía,positivo,2,0
5463,2025-12-18,yt_user_@felixdeve,"Gracias por la reseña. La liquidez que menciona Bauman es en otras palabras la epidemia de narcisismo que presenciamos en la sociedad moderna. Mucha gente se vuelve insensible, todo se puede usar, tirar y reemplazar rápidamente por un modelo mejor, esto por supuesto incluye a las relaciones. Es la sociedad de la gratificación instantánea. Es importante reconocer este proceso para evitar ser parte de el.  SEAMOS SÓLIDOS!!  Sigo creyendo en el amor, aunque pueda doler, asumo el riesgo. Para una persona líquida la mayor satisfacción es la instantánea y el amor a uno mismo depende de los demás. Una persona sólida tiene la disciplina y la capacidad de esforzarse por recompensas a largo plazo y el amor a uno mismo lo construye en base a su propia autoestima. Un abrazo a todos!",Identidad liquida,positivo,227,0
5464,2025-12-18,yt_user_@SofiaMart,"Increible..
Para mi es EVIDENTE de que estamos en ese escenario donde somos todos reemplazables tan pronto como obtienen lo que querian de nosotros... el concepto de ""aburrimiento"" del otro como quien se aburre de usar siempre la misma remera...
Es fuerte... pero bueno..",Identidad liquida,positivo,37,0
5465,2025-12-18,yt_user_@sol641,"Interesante video. A mi no me gusta ese termino de amor liquido porque pienso que hoy a las personas se las ve como un objeto, un pedazo de carne sin sentimientos y se nos usa para sastifacer sus necesidades romanticas y/o sexuales. Se tendria que volver a hacer empatico y tener en cuenta que el otro/otra tambien tiene sentimientos y emociones. Y como dijo un comentario abajo ""Ante este panorama, los que no somos "" líquidos "" no nos queda otra que aislarnos, pues no encajamos en estas "" nuevas"" formas de vínculos."" Es tal cual, tristemente.",Identidad liquida,positivo,35,0
5466,2025-12-18,yt_user_@valeriadi,"Que bien que explicas, ya sea un libro y o una película, gracias Farid, que geniooooo",Identidad liquida,positivo,4,0
5467,2025-12-18,yt_user_@Azul-xv2f,"Mi mejor dia, salvada por mi narrador favorito, jamas me imagine que tenia videos de libros :,)",Identidad liquida,neutral,2,0
5468,2025-12-18,yt_user_@MilagrosP,Hola Farid! Gracias por la reseña. Yo también soy psicóloga y en los últimos años he visto reflejado en mis pacientes esto del amor líquido. Cada día se convierte en la realidad para muchas personas.,Identidad liquida,positivo,5,0
5469,2025-12-18,yt_user_@MariaLope,"Me encanta que personas jóvenes como tú se ocupen de este tema. Ojalá las reflexiones las pongas en práctica. Servimos en un movimiento que trabaja para mejorar la comunicación en pareja y es por lo que están llegando las parejas, el temor al compromiso, pero la mayoría con vacíos existenciales y soledad. Excelente.",Identidad liquida,neutral,4,0
5470,2025-12-18,yt_user_@marielizm,ERES UN GENIOO!😍Gracias por compatir tanto de tus conocimientos y abrirnos los ojos🙏,Identidad liquida,positivo,0,0
5471,2025-12-18,yt_user_@rafaelsib,"Muchas gracias, querido Farid.",Identidad liquida,positivo,0,0
5472,2025-12-18,yt_user_@airdany," @ShiroKuro13  Esa era mi teoria hace unos pocos años, pero con lo de aislarse no tienen razón tal cual, pero si debemos fortificar un espacio interior también solido. Porque por mucho que te mantegas filtrando a los liquidos, tarde o temprando te intentan llevar a ese estilo de vida, y se rien te tu enfoque estable... te ven debil! porque no eres capaz de buscarte otro trabajo rápido cuando el tuyo no va bien, en vez de defenderlo o buscarte otra relación también rápidamente, etc",Identidad liquida,positivo,2,0
5473,2025-12-18,yt_user_@GarLet7,"Tal cuál...pero aprendemos a disfrutar mejor de las cosas reales, la naturaleza, a la gente buena onda, una película, una simple comida y una chela. E inventamos y recreamos lo inexistencial para una manera de vida más chida.",Identidad liquida,positivo,9,0
5474,2025-12-18,yt_user_@angeltrej,"El autollamarse no líquido, es el ego hablando y en pocas palabras, eso es líquido. Lo que creemos superioridad moral es solo la liquidez hablando. Las ideas de Zygmunt Bauman va más a ver los vínculos humanos en la era del consumo masivo. Por lo tanto, nosotros somos líquidos, incluyéndome, humanos Post -modernos, atrapados en la modernidad líquida",Identidad liquida,neutral,9,0
5475,2025-12-18,yt_user_@karlosbel,"Tenemos las 2 caras pese lo que nos pese. Ahora,en tu conciencia queda a quien escuchas",Identidad liquida,neutral,5,0
5476,2025-12-18,yt_user_@dave3222,"Nombe, al contrario la gracia de la vida es vivirla, salir y seguir conociendo, existen demasiadas personas que valen la pena y que siempre tienen algo que enseñarnos, y si en el caso que un % las personas sólidas se aíslan, otras los están buscando, en conclusión salga y muéstrele al mundo de que está echo, vive y ríe que es lo único que nos queda, no te aísles porque te niegas a algo que es muy bonito que es amar la vida.   Mucha Suerte",Identidad liquida,positivo,4,0
5477,2025-12-18,yt_user_@Zeta-bz8o,Aislarse para qué? Para desaparecer sin pena ni gloria? No es mejor identificar a la gente adecuada y formar vínculos?,Identidad liquida,neutral,3,0
5478,2025-12-18,yt_user_@gracvl137,"Yo ando aislado, mi ex novia cayó en ello, por eso mejor aislarse, son como agentes Smiths en Matrix tarde o temprano se vuelven un solo líquido .",Identidad liquida,negativo,20,0
5479,2025-12-18,yt_user_@dshaoensr,"​ @DAVID-ql1vo no, somos muy jovenes aún. Tengo tu edad y pasé mucho tiempo en soledad. En algún punto de tu vida vas a encontrar a alguien. Pero no creas que va a ser por arte de magia, o que será fácil. Tendrás que esforzarte, y dar lo mejor de ti. No solo es sentarse a esperar. Nuestros valores nos separan del resto a manera de filtro en sí mismo. Espero encuentres a alguien que valga la pena mantener como pareja o amigo. :)",Identidad liquida,negativo,0,0
5480,2025-12-18,yt_user_,"No entiendes. Lo líquido es un problema que afecta universalmente, como el individualismo o la codicia narcisista. Quien se victimiza es que no reconoce cómo le afecta interiormente.",Identidad liquida,neutral,0,0
5481,2025-12-18,yt_user_@airdany,"Estoy completamente de acuerdo contigo! El quid es ¿como ser SOLIDO? en un lugar donde no hay donde apoyarse. Llevo un año meditando sobre ello y quedan pocos pequeños espacios sociales por donde ver la luz. Pero es tal cual lo has dicho, me ha gustado saber que hay personas se dan cuenta. Un abrazo",Identidad liquida,positivo,5,0
5482,2025-12-18,yt_user_@nomercyag,"Mil gracias por tu punto de vista de este maravilloso libro... Coincido que en nuestra actualidad de consumismo desmedido esté mismo a sido llevado a nuestras relaciones interpersonales como lo es el amor en pareja... Finalmente pienso que un verdadero ejercicio de mi libertad me permite elegir de entre miles de opciones o posibilidades de relaciones a una sola y de esa forma comprometerme... Nuevamente gracias por tu vídeo... Que tal para un futuro vídeo el libro de ""El arte de amar"" de Fromm.",Identidad liquida,positivo,13,0
5483,2025-12-18,yt_user_@emmanuelg,"Me gusta mucho el formato de estos videos y los temas que tratan, gracias Farid!",Identidad liquida,positivo,3,0
5484,2025-12-18,yt_user_@NathalyHa,"Gracias Farid, sobre esto era mi tarea",Identidad liquida,positivo,0,0
5485,2025-12-18,yt_user_@mercimus,"No sabes como me duelen tus comentarios, especialmente por lo certeros que son. Dicen que la verdad duele. Concuerdo contigo, las relaciones interpersonales se convirtieron en algo desechable y es muy fácil salir lastimado. 😞",Identidad liquida,positivo,4,0
5486,2025-12-18,yt_user_@davidfern,Mechas gracias farid por este post. Muy interesante y revelador. Un fuerte abrazo y hasta el proximo post cast. 😃👍,Identidad liquida,positivo,5,0
5487,2025-12-18,yt_user_@henrygran,"Mil Gracias…todo bien comprensible…ánimo,sigue construyendo esta sociedad líquida…!",Identidad liquida,positivo,0,0
5488,2025-12-18,yt_user_@mati.16,"Gracias farid ,que gran video❤ mañana tengo parcial.",Identidad liquida,positivo,0,0
5489,2025-12-18,yt_user_@humbertot,"Gracias por seguir compartiendo tu conocimiento Farid!, agradezco tu tiempo dedicado!.",Identidad liquida,positivo,2,0
5490,2025-12-18,yt_user_@carolinam,Qué interesante!!! Cada día me inspiras con tus vídeos! Gracias!!✨👏,Identidad liquida,positivo,2,0
5491,2025-12-18,yt_user_@irenesegu,"No lo has podido describir mejor,gracias por compartir.",Identidad liquida,positivo,2,0
5492,2025-12-18,yt_user_@MariaRome,Gracias por tus videos  Farid,Identidad liquida,positivo,2,0
5493,2025-12-18,yt_user_@jessicala,"Me encanta me encanta este libro, gracias por tus aportes! Que invitan a ver más allá de lo que las redes venden, pocos como tú.
Espero algún día conocerte.",Identidad liquida,positivo,4,0
5494,2025-12-18,yt_user_@edgarcarr," @anaantoniamartinez7497   concuerdo contigo. Si tienes que especificar que es amor romantico enronces no es amor. El amor verdadero es romantico, el romanticismo es parte de su escencia pero no su identidad completa",Identidad liquida,positivo,3,0
5495,2025-12-18,yt_user_@69uru," @anaantoniamartinez7497  Te estarás confundiendo con el enamoradizo, que no es lo mismo.",Identidad liquida,positivo,1,0
5496,2025-12-18,yt_user_@leydy8a29,"Ya entiendo todo 
cuánto necesitamos éste libro 
Muchas gracias",Identidad liquida,positivo,0,0
5497,2025-12-18,yt_user_@alejandra,Wooowww puros temas super importantes e interesantes no dejes de subir contenido.. muchas gracias! 😊,Identidad liquida,positivo,0,0
5498,2025-12-18,yt_user_@christofe,Muchas gracias farid por seguir enseñándonos sabes que se te estima bendiciones.,Identidad liquida,positivo,2,0
5499,2025-12-18,yt_user_@saullopez,"Gracias por la recomendación y por tu resumen, muy buen contenido que en lo personal me ayudan a construir mi propio camino hacia la sabiduría, sigue mejorando más y más.
Saludos desde Paraguay",Identidad liquida,positivo,5,0
5500,2025-12-18,yt_user_@maritony7,"Excelente video, es una realidad en esta sociedad. Lamentable ya que la familia es la base de la sociedad.",Identidad liquida,positivo,2,0
5501,2025-12-18,yt_user_@odeilysur,"Gracias por compartir querido Farid, ahora mismo lo descargué para leerlo",Identidad liquida,positivo,0,0
5502,2025-12-18,yt_user_@fandetodo,"Excelente video, en donde mencionas la parte de que cada quien se siente digno de ser amado de acuerdo a sus experiencias y el concepto que tienen los demás de nosotros y nuestro autoconcepto, me recordó a la frase ""Aceptamos el amor que creemos merecer""",Identidad liquida,positivo,0,0
5503,2025-12-18,yt_user_@esequielg,Oye no sabria como agradecer lo que me has enseñado. No pienso dejar de verte mientras siempre compartas lo que ases. Me facina tu travajo. Más por que ahora porti estoy aprendiendo a balorar más alas personas ami al rededor y espero en dios nunca cambiar mejor espero mejorar por eso seguire viendo tus condegos y reflexiones muchas delas cosas que dices duelén mas cuando has sido una persona que la cag0 casi en todo. Por eso mil gracias amigo. ❤,Identidad liquida,positivo,0,0
5504,2025-12-18,yt_user_@jhoes32,"Qué buen vídeo Farid. Esos compartimientos que vas describiendo del libro, los veo reflejado en mi entorno social.",Identidad liquida,neutral,2,0
5505,2025-12-18,yt_user_@yeyimol88,Interesante reflexión. Gracias por tu tiempo.,Identidad liquida,positivo,0,0
5506,2025-12-18,yt_user_@albaabarc,"Gracias, muy claras tus explicaciones 🤗🙏",Identidad liquida,positivo,0,0
5507,2025-12-18,yt_user_@jesusver9,"Justo lo estoy leyendo. Gracias, Farid.",Identidad liquida,positivo,1,0
5508,2025-12-18,yt_user_@miguelang,"Gracias por el video bro, definitivamente quiero leer el libro ahora!",Identidad liquida,positivo,2,0
5509,2025-12-18,yt_user_@rubilipss,"Muy interesante, gracias por hecerme verlo de esta manera y estar alerta a este tipo de sentimientos modernos ❤️❤️",Identidad liquida,positivo,1,0
5510,2025-12-18,yt_user_@KarlitosJ,muy util este video amigo!... muchas gracias!,Identidad liquida,positivo,0,0
5511,2025-12-18,yt_user_@gustavofl,"Gracias por compartir, lo veo muy latente en varias áreas de mi vida, como en el trabajo home officce y las redes sociales.",Identidad liquida,positivo,2,0
5512,2025-12-18,yt_user_@JeanetteD,"Hola, lindo día,  Estoy muy de acuerdo con tus comentarios, Todo es estar desconectados y desechable, gracias muy útil  tus comentarios, Si veo todo esto en la realidad que se vive hoy x hoy :(",Identidad liquida,positivo,1,0
5513,2025-12-18,yt_user_@TheAndres,Excelente man! Muchas gracias,Identidad liquida,positivo,0,0
5514,2025-12-18,yt_user_@bryangarc,"Sabes, no se si llegues a leer este comentario pero de verdad estaba pasando por un momento agobiante y tu video ayudo a esclarecer mía ideas.",Identidad liquida,positivo,1,0
5515,2025-12-18,yt_user_@soyadeos,"Me he topado tus videos en tik tok y me alegro tanto haber encontrado este video tuyo. Muchas gracias, espero que tengas mucho éxito en todo tu contenido",Identidad liquida,positivo,0,0
5516,2025-12-18,yt_user_@gracielar,gracias ! me aclaro muchisimo!,Identidad liquida,positivo,0,0
5517,2025-12-18,yt_user_@paolaguzm,"Excelente, muchas gracias",Identidad liquida,positivo,0,0
5518,2025-12-18,yt_user_@lailenjud,"Excelente el tema, esto me hace reflexionar lo importante que estos tema entre en el sistema curricular educativo desde la primaria hasta la universitaria, el producto seria una sociedad con estilos de vida saludable",Identidad liquida,positivo,0,0
5519,2025-12-18,yt_user_@antonella,"Que fregón yo lo había  leído hace mucho tiempo !
Pero ahora lo veo con otros lentes   Genial. 

Muchas gracias por tu tiempo !!!
Genial 
Gracias",Identidad liquida,positivo,0,0
5520,2025-12-18,yt_user_@andreabae,"Muchas gracias por el resumen!!.. veo en mis relaciones cercanas todo el tiempo lo que describís, creo que pasamos a la cultura del aquí y ahora, de vivir el momento, el presente, disfrutar, soltar, pero no hay que olvidar y saber que nuestros cimientos nos construyeron como personas, nuestro pasado nos formo y nuestro futuro no lo conocemos, no perdamos las ilusiones de crearlo, imaginarlo y comenzar a construirlo, debemos reparar el pasado para poder disfrutar el hoy y pensar en mañana, hagámonos conscientes de quienes somos y quien queremos estar siendo, integralmente.",Identidad liquida,positivo,0,0
5521,2025-12-18,yt_user_@jordanuwu,"Execelente análisis, gracias.",Identidad liquida,positivo,0,0
5522,2025-12-18,yt_user_@andreslar,Gracias por tan excelente reseña,Identidad liquida,positivo,0,0
5523,2025-12-18,yt_user_@ortonemma,"Información muy muy útil, me siento más preparado para una relación.

He visto personas que buscan relaciones así, tuve una pareja que estaba obsesionada con su propia individualidad, después de terminada la relación con ella, ella estaba buscando relaciones sin formalidad, sin contacto físico, solo buscando su propio beneficio sin pensar en los demás, pero como ella quería, sin sacrificar su individualidad.
No tardó mucho en darse cuenta que esa vida jamás le va a llenar por dentro, y pudo ver que conmigo no le faltaba nada, más que su individualidad y el poder de hacer y deshacer sin pensar en los demás.",Identidad liquida,negativo,0,0
5524,2025-12-18,yt_user_@harlenbre,Grasias.me as ensenado.mucho.😊❤,Identidad liquida,neutral,0,0
5525,2025-12-18,yt_user_@SarayCace,"Queria leer este libro, desde que lo ví.
Después de esta reseña quiero leerlo más.",Identidad liquida,neutral,0,0
5526,2025-12-18,yt_user_@arturocas,"Gracias, Farid. Justo usaré este libro como base para mi tesina, me lo recomendaron y creo que ahora es y será mi libro preferido. Me hiciste comprenderlo aún de mejor manera. Espero haya más de esta serie de reseñas. :'D",Identidad liquida,positivo,0,0
5527,2025-12-18,yt_user_@paolagarc,Gracias por este resumen que es sustancioso y me a puesto a pensar la razón del por qué nos quedamos cada día más solos y el por qué es difícil enamorarse y conseguir una pareja o compañero de vida. Saludos desde Colombia,Identidad liquida,positivo,0,0
5528,2025-12-18,yt_user_,"Me impresiona, porque todos mis teléfonos cayeron en el servicio del deber, y sólo uno lo cambié sirviendo, porque necesitaba las nuevas funciones que tienen todos, pero no lo he cambiado desde entonces. Tengo discos LP, CD, DVD, VHS, audio casettes, y los aparatos que los reproducen, porque no creo que se deba descartar lo bueno, sólo porque hay cosas nuevas. Tengo relaciones con gente que conozco desde hace más de 20 años. Y muchos de mis ""amigos"" digitales, los conozco desde hace 10 años o más.",Identidad liquida,positivo,1,0
5529,2025-12-18,yt_user_@jecevil93,"Gracias la verdad lo necesitaba . Ahora puedo entender un poco más como son la gran mayoría de las personas
Aveces por querer ayudar a esas personas terminamos rotos . 
Ese es mi caso 
Pero gracias",Identidad liquida,positivo,1,0
5530,2025-12-18,yt_user_@estebanyu,me  ayudaste en mi tarea de Enfermeria,Identidad liquida,positivo,2,0
5531,2025-12-18,yt_user_@johncolla,"Gran vídeo. Por supuesto, veo la tendencia del humano líquido en mi círculo cercano. Ya no se tiene amigos, se tiene seguidores, solo con eso se ve un cambio en la forma en que nos relacionamos hoy en día.",Identidad liquida,neutral,37,0
5532,2025-12-18,yt_user_@joselopez,Videaso por desgracia siento que es muy triste vivir así gracias farid,Identidad liquida,neutral,0,0
5533,2025-12-18,yt_user_@celestean,"El amor líquido nos invita a reflexionar. Las personas no somos descartables, el amor menos.  Pensar el amor en como en un mercado donde podemos cambiar y cambiar nos hace pasar de personas a objetos. Es triste por el hecho de no darnos la oportunidad de conocer, de dar tiempo. Quizás porque el tiempo se nos va de las manos y nos da miedo... Pero el miedo detiene y me pregunto: ¿El estar detenido, no compromete al tiempo? La vida nos pasa igual, pero  las múltiples opciones no son una opción, son el fin de nuestra humanidad, son la perpetuidad a la soledad y la soledad como dice Fromm: es el fin de nuestra existencia.",Identidad liquida,negativo,15,0
5534,2025-12-18,yt_user_@abigailgu,"Gracias por la reseña, excelente trabajo.  💯  lo veo en todas las sociedades. Es una pena que las relacione esten en decadencia.",Identidad liquida,positivo,0,0
5535,2025-12-18,yt_user_@margotm85,Exacto. Es una sociedad de descarte inmediato.,Identidad liquida,neutral,1,0
5536,2025-12-18,yt_user_@airdany,"A mi en 2020, en ese amor líquido (maquillado de formalismos)  he sido utilizado y en 2021 he sido desechado produciéndome un despertar muy doloroso y en este año me estoy reconstruyendo en como fortificar de algún modo mis valores en una sociedad donde brillan por su ausencia.",Identidad liquida,neutral,9,0
5537,2025-12-18,yt_user_@Lau-gl5zn,"Gracias Farid, excelente reseña!",Identidad liquida,positivo,2,0
5538,2025-12-18,yt_user_@emmanuelg,"De todos los idiomas tu decidiste hablar con la verdad ""Gracias por todo Farid""",Identidad liquida,positivo,0,0
5539,2025-12-18,yt_user_@reynarami,"Que lastima que otro tipo de videos fueron los que se hicieron virales, haciendo videos con mejores contenidos. Gracias!",Identidad liquida,positivo,0,0
5540,2025-12-18,yt_user_@adrianlui,"Creo que en base a las experiencias vamos convirtiendo nos en Amor líquido o no,es una elección de vida depende de nuestro anhelo de amor",Identidad liquida,positivo,2,0
5541,2025-12-18,yt_user_@VisaelDel,"No es que no queramos si nos da miedo que la otra persona no corresponda como debe ser. Yo antes era muy líquido, ahora quiero primero solidificar la relación e ir poco a poco y saber si soy correspondido o si no me marcho de ahí.",Identidad liquida,negativo,1,0
5542,2025-12-18,yt_user_@mairios52,"Paso a comentar una curiosidad y vaya que lo es! Estaba escuchando un set de Above & Beyond, específicamente ABGT300 (en Hong Kong) y justo iniciaba con ""Liquid Love"". Así que fui al inicio de YouTube con la intención de buscarlo en esa versión y agregarlo a mi playlist y oh casualidad sin siquiera ingresar a la barra de búsqueda, YouTube me sugirió este video...
""Los accidentes no existen"" dijo Oogway.",Identidad liquida,neutral,0,0
5543,2025-12-18,yt_user_@yovanidej,Creo que el miedo a tener una relación es por el daño que puede generar,Identidad liquida,negativo,1,0
5544,2025-12-18,yt_user_@juanmanue,"he visto que en tus videos rescatas temas olvidados en la actualidad, una necesidad actual es traer dichos temas a debatir y no olvidarlos, por eso aprecio tu labor. uno de los temas es el amor, tienes gran definición de el y todo el contorno que este conlleva. un libro que te podria complementar o ratificar tu conocimiento sobre el amor es el Cuarteto de Alejandría de Lawrence Durell. saludos.",Identidad liquida,positivo,51,0
5545,2025-12-18,yt_user_@69uru,"Ya somos dos, compañero...Un día de Julio, ya sé cual es, por si pensáis que no me acuerdo,  me dejó aquella chica que hacía planes de futuro conmigo, aquella persona que de repente aparece y en muy poco tiempo te demuestra lo que ninguna otra hizo antes, te dedicaba cartas, se presentaba sin pedirlo (vive en otra ciudad)...y yo igual, vamos, era recíproco, vamos, te tocaba la fibra, te hacía ver que esa persona merecía la pena, que era un diamante en bruto que tienes que cuidar, proteger, que tienes que luchar por ella. Pero rápido se empieza a ver su desinterés mientras van pasando las semanas...
Hasta que te dejan sin más, por ""desilusión"" y sin ningún tipo de explicación...las pides y no te las dan...y si dicen algo es para achacarte a ti tu falta de compromiso y al mismo tiempo el agobio que le produces...Es que la propia respuesta que te dan, es líquida...vacía, sin sentido...
Y todos los días andaba disculpándome por si era demasiado agobiante o poco comprometido, cuando ya no podía dar más...
Si me pongo a contar todo lo que me ha pasado en mi última relación, me llamaríais gilipollas a la cara y seguramente que merecido por consentir tanto. 
Y me llevo hostias como panes, no se querer a medias como se quiere ahora...
Me está consumiendo todo esto...
Como diría aquel...Naciste 40 años tarde o 40 años pronto",Identidad liquida,negativo,3,0
5546,2025-12-18,yt_user_@airdany," @MauricioBoteroPh  Mauricio! Pasado ya más de un año y medio, ultimamente envié 2 cartas postales a ese amor líquido y hoy al salir en el buzón habia una carta suya. Pánico he sentido! lo pasé tan mal al ser desechado, taaaanto dolor, que evidentemente me vuelve el miedo. Iba a dar un paseo por la playa y en el metro pensé la abriré en un lugar con buen vibra, pero tomando el sol decidí! que no debo abrirla para primero enfrentarme a la curación emocional que aun me dura. Tienes! toda la razón Mauri, a mi tampoco me cabe en la cabeza y sigo sin entenderlo, genera un estado de indefensión, de rabia, de dolor, de verguenza en que se dude de tus sentimientos que no sé si es verguenza de mi mismo. Este fin de semana dejaré que mi mente se enfrente a si misma, lei el año pasado monton sobre psicologia y sobre estoicismo, y hace poco encontré que hay un autor que acuñó! el término antifragilidad, y es en gran parte por lo que hoy decidi! ir con calma... porque soy frágil. Y como en las pelis de malos y buenos, el malo siempre dice: le mataré a su esposa, el amor será su debilidad. Pues debemos darle la vuelta a eso! de alguna manera, las personas leales y con valores en esta época somos frágiles.",Identidad liquida,negativo,0,0
5547,2025-12-18,yt_user_@gael8072,"Yo recomiendo muchísimo el libro ""los pajaros no miran hacia atrás mientras vuelvan""de Shiva ryu es un coreano que cuenta sus anécdotas sobre la meditación en relación a lo espiritual y a una visión de vida mucho más allá de lo establecido y superficialmente observable ❤",Identidad liquida,positivo,0,0
5548,2025-12-18,yt_user_@josemahon,No pude empatizar con el tema pero espero que que me ayude algun dia 😅,Identidad liquida,neutral,0,0
5549,2025-12-18,yt_user_@sebasmax4,"9:27  Considero que ya que vivimos en este nuevo mundo muchos terminamos siendo así no por decisión sino por la modelacion hacia los individuos en esta forma de vivir. Me incluyo, ya que de niño era muy egocentrista y nunca tuve relaciones estrechas por lo mismo ya que no sentía que debía ser amado, pero lo que me ayudo luego de una caída de orgullo brutal que pase fue que escuche de Cristo y realmente me ha cambiado la vida de manera que tal ves nunca pude haberme imaginado a llegar a ser como soy ahora, sigo en proceso ya que no soy santo,si te topas conmigo tal vez ni lo notes pero internamente tengo una paz y autoconciencia que no hubiera imaginado. El video tiene muchos puntos que se pueden relacionar con enseñanzas bíblicas como el amor del Padre, o el no conformarse con este siglo, ha sido muy gratificante y ayuda a formar una opinión mejor estructurada en todo aspecto. Gracias y continúa así.",Identidad liquida,positivo,1,0
5550,2025-12-18,yt_user_@ericklibe,"Ah, esto le da sentido... sabes, así ya no juego. Me enfocaré en otras cosas como debí haberlo hecho antes.",Identidad liquida,neutral,0,0
5551,2025-12-18,yt_user_@asenetsan,"Super interesante tema. Hoy estoy viviendo en carne propia ese concepto de amor líquido, el compartirse no es la opción viable para el, solo sus necesidades y sus pensamientos son válidos. 🥺",Identidad liquida,positivo,1,0
5552,2025-12-18,yt_user_@jonathang,"Muchas gracias!!! Había leído algunas quotes del libro, pero no estaba seguro del título.
Respecto al amor propio como lo plantea el autor... no estaría argumentando cierta  dependencia???",Identidad liquida,positivo,0,0
5553,2025-12-18,yt_user_@moyramont,"Waaaooo nunca se me hubiera ocurrido una explicación delas relaciones actuales tan perfecta. Y lamentablemente creo que yo soy víctima de este amor liquido porque se a contagiado a alguna personas de generación adultas mayores de 45 años en adelante. Porque soy una mujer de 57 años y hombres contemporáneos con mi edad y solteros no quieren tener relaciones serias y menos comprometerse. Ya no les importa conocerte honestamente, solo son directos y quieren intimidad o sexo y ya. Es difícil e incómodo. Sigo soltera porque no soy de esa onda. Saludos y me gusta muchísimo tus reflexiones, opiniones y cuando folosofas❤",Identidad liquida,neutral,0,0
5554,2025-12-18,yt_user_@scw4r,"Bauman es un maestro, sus últimos años de vida se dedico a buscar las razones e intentar explicar el comportamiento humano social en un contexto de globalización... aun tenemos a Slavoj Žižek que tiene la onda del maestro Bauman",Identidad liquida,positivo,0,0
5555,2025-12-18,yt_user_@sebastian,"Hace rato me volvi al amor liquido, me aburri de sufrir x amor, caer en depresion x amor, sufri demasiado con el tema del encierro en la pandemia, hoy soy mas solitario que nunca y mas aislado que nunca. Soy de la generacion del like, el me gusta y saber cuanto seguidores tengo en las redes.",Identidad liquida,positivo,1,0
5556,2025-12-18,yt_user_@Lecj_18,Todavía no entiendo como Wittgenstein asocia la filosofía con las matemáticas....,Identidad liquida,neutral,0,0
5557,2025-12-18,yt_user_@MiguelGam,"No considero que el consumismo haya ""ensuciado"" el amor, considero más bien ha cambiado el paradigma que tenemos en cuanto a las relaciones de pareja. A lo mejor estamos viviendo una época en donde las relaciones efímeras son las únicas viables, con esto no digo que no sean importantes ni enriquecedoras.",Identidad liquida,positivo,1,0
5558,2025-12-18,yt_user_@gmdboroks,"No toco los temas sociales que presenta el libro en sus ultimos capitulos, me impresiona como nosotros la sociedad con actitudes individualistas, afectamos la definicion que se tenia antes sobre algo, y de ahi colapsan muchas cosa",Identidad liquida,neutral,0,0
5559,2025-12-18,yt_user_@tica6932,"Soy alguien Liquido. Pero no por consumismo, en mi caso es la ansiedad y el miedo a la perdida de esa mal llamada ""libertad individual"".  Es algo difícil despegarte de estos concepto cuando tu mente siempre analiza ""me conviene o no me conviene"".",Identidad liquida,negativo,0,0
5560,2025-12-18,yt_user_@tamiaenri,"Yo tengo el libro. y un claro ejemplo de lo “líquida” que puede llegar a ser mi propia mente,  es como vine a ver este resumen en vez de leerme el libro XD",Identidad liquida,neutral,1,0
5561,2025-12-18,yt_user_@luisafern,"Me gusta mucho este contenido, ¡felicitaciones! Cobra mucho sentido en un mundo sinsentido, aunque suene redundante. ¿Podrías decirme qué cámara de vídeo utilizas? 😊",Identidad liquida,neutral,0,0
5562,2025-12-18,yt_user_@isaacquin,"Tremendo 
Llega un punto en que analiza y dice vale la pena seguir siendo solo un producto de usar y tirar.
Farid
Yo aún me pregunto cómo ciertas personas te quiere hoy y al día siguiente eres un extraño en su día. No lo puedo procesar bien  a pesar de la experiencia de ayer.

Gracias por tu contenido 
Eres una persona muy sabia 
Excelente día
Sube más video",Identidad liquida,positivo,14,0
5563,2025-12-18,yt_user_@jon8441,"el deseo y el anhelo vendrian siendo lo mismo?????????????????? o cual seria la diferencia, veo que ambos son antitesis del amor",Identidad liquida,positivo,0,0
5564,2025-12-18,yt_user_@MicaelaVa,"Hola, gracias por compartir.

Sobre el tema, en mi opinión, es bastante cierto, aún así a veces pienso que le AMOR es un tema que me parece complejo, la relación entre dos personas, es complejo, pienso yo.

Una relación, incluso mas allá de la relación clásica de la pareja ideal hombre mujer.  las relaciones en sí hasta con nuestra propia familia, con nuestra propia sangre son complejas, hay un dar y un ceder.

Pero focalizándose al tema, pienso que la base del amor líquido, o lo que está detrás, es el puro MIEDO. el MIEDO al compromiso, a perder (a peder desde cosas materiales hasta emocionales e incluso el mismo tiempo).

Por eso la gente no se compromete, ojo no estoy justificando este modo de vida, solo lo interpreto.

Creo que el AMOR BONITO, con respeto y valores, el recíproco, practicamente pertenece a un mudo ilusorio.

Cambiando el tema, que opinas del marqués de Sade, estaba totalmente loco, o era totalmente y básicamente (bestialmente) sincero e instintivo.

Me leí un par de libros de este autor, que siempre posponía, hasta que me dije: No seas cobarde. Y los leí, hay uno que me he quedado en la mitad, porque hasta asco me daba.

Aún así el tipo me parece muy inteligente. y hay puntos en los que incluso tiene razón.

Sería interesante tu opinión sobre este autor.

Saludos!",Identidad liquida,positivo,0,0
5565,2025-12-18,yt_user_@ShiroKuro,Sociedad liquida = narcisismo,Identidad liquida,neutral,0,0
5566,2025-12-18,yt_user_@mariaojed,El consumismo llego y se quedo y los seres humano lo plicaron a todo que las tima el amor y permanencia estan hermosa y contruir para estar con el otro y ser uno solo es maravillosa cloro esta cuando tengan as misma forma de contruir junto hoy en dia hay mucho amor liquido por todos lados,Identidad liquida,positivo,0,0
5567,2025-12-18,yt_user_@MauricioB,"Hace poco vivi lo que es ser el resultado de una persona liquida (sin juzgar) pero es un proceso bastante doloroso, el hecho de pasar un dia de ser una persona que amaban a ser alguien inexistente.",Identidad liquida,negativo,0,0
5568,2025-12-18,yt_user_@armandoar, @Lecj_18  Tiene una dinamica peculiar en el cual hay tres personajes que despues de una pregunta tienen que hacer un discurso de esta misma toca varias tematicas desde diferentes opticas esta muy interesante.,Identidad liquida,positivo,2,0
5569,2025-12-18,yt_user_@airdany,"Yo me sentí muy mal conmigo mismo al no haber reaccionado antes a que esa persona iba en ese camino de la inexistencia. No solo me quede con un vacio! también con una culpa conmigo mismo... todo eso junto el mega dolor, porque es tanta cosa en un puto paquete integrao que no sabes como coño gestionarlo",Identidad liquida,negativo,1,0
5570,2025-12-18,yt_user_@MauricioB," @airdany  total, senti lo mismo y la verdad es triste sobre todo cuando uno está en el momento de enamoramiento más alto de la relación, pero bueno gracias a esta experiencia aprendí que soy capaz de amar y entregar. Aprendí la importancia de bajar la cabeza y aceptar las cosas como son, indudablemente duele, pero la vida como tal es un proceso constante de felicidad y tristeza, ahora a enfocarse en uno y soñar en grande. No dependemos de nadie para ser felices.",Identidad liquida,positivo,0,0
5571,2025-12-18,yt_user_@MauricioB,"Parcero si tú corazón te dice que no la leas, no lo hagas. No vale la pena abrir más una herida que debe ser sanada, aunque comparto tu sentimiento no me imagino que deber ser lo que estás viviendo pero créeme que de amor nadie muere por más doloroso que sea.  Yo estoy pasando por un dolor muy fuerte pero se que soy más fuerte y voy a salir de esto por que decidí hacerlo, ahora solo enfócate en canalizar ese amor que sentía por esa persona hacia ti, enamórate de ti y redescubre quien eres.",Identidad liquida,negativo,0,0
5572,2025-12-18,yt_user_@airdany," @MauricioBoteroPh  ¿Sabes que pasa? no sé si esa carta contiene un interés en volverme a ver, o es puro formalismo para estar en una lista de exparejas de ella; y odio eso, no quiero tener listas ni pertenecer a listas, busco una unica mujer en mi vida. Le escribiré agradeciendo el detalle y pasándole la pelota a su tejado, recordando que espero su llamada. ¿No lo hace? ahi se queda! y que haga vacios a otras personas para subir su autoestima a costa de la sinceridad de quien lo sufre. No soy una persona reencorosa, pero hay que poner algun tipo de freno a este sistema social que estamos sufriendo y comentando aqui",Identidad liquida,negativo,0,0
5573,2025-12-18,yt_user_@darodextr,Eso de lo que tu hablas y tratas de explicar es postmodenismo y se padeció desde inicio del siglo 20 y de lo que por desgracia hablas es el pragmatismo ese pragmatismo que daña y ha dañado ahora nuestra esencia incluso en la parte de relacionarse estamos en la era de la moda de dejar ir de soltar de lo tóxico... Entonces aveces es decidir que ser yo elegí ser titanio no duro ser tenaz...,Identidad liquida,negativo,1,0
5574,2025-12-18,yt_user_@lauramarc,El consumismo ha ensuciado...con h,Identidad liquida,neutral,0,0
5575,2025-12-18,yt_user_@Ruby-bd4d,"acabo de entender, por que mi marido. me ha engañado p...s durante 37 años, y yo vivia angustiada, el no se siente ni culpable, no m debe ni explicaciones.",Identidad liquida,neutral,0,0
5576,2025-12-18,yt_user_@jimewar86,"El 5to punto me hace un poco de ruido, no lo veo claro. Para mi primero el amor es hacia uno mismo y despues se comparte, no puedo esperar a que me mamen para amarme",Identidad liquida,positivo,0,0
5577,2025-12-18,yt_user_@ramontzun,"Difiero en el quinto punto. 'el amor a uno mismo se construye sobre la base del amor que me ofrecen los demas'; si de pequeño mis padres me demostraron amor y me dieron cariño, construyo sobre las cosas que me hacen sentir amado; pero si de grande busco el amor que me ofrecen los demás, lo llamo dependencia emocional-sentimental considero.  - Excelente video. Saludos.",Identidad liquida,positivo,1,0
5578,2025-12-18,yt_user_@AndresAes,"MODERNIDAD LIQUIDA

A ver si se entiende de forma definitiva que lo de ""modernidad liquida""  (o solida) es una soberana tontería, que ni siquiera puede admitirse como metáfora.
Las leyes que informan el comportamientos humano son atemporales. La ley de la utilidad marginal es validada para un soldado romano, para un cavernícola y para cualquier ser humano vivo. Todos, absolutamente todos los seres humanos valoramos los bienes económicos tal como lo prescribe esta ley. Hay excepciones? NO.

En las ciencias de la accion humana, en las ciencias proxeologicas, las leyes atañen a todos los seres humanos. Las leyes de la accion humana son apodicticas y universales, validas en cualquier coordenada de tiempo y lugar.
Ahora bien, que hace Bauman? Pues caprichosamente habla de una frontera (bastante difusa e indefinida) de un evento fáctico que divide lo “pasado” de lo “moderno” de lo actual.  Dice que esta frontera se sitúa en un punto que el sitúa en 100 o 150 años, sin dar ninguna explicación.  Bien podría haber dicho 1000 o 2000 años (hasta podría haber puesto esta frontera en un punto clásico, tal como el nacimiento de Jesucristo…), y nada hubiera cambiado.  

Jugando a ser Bauman bien  podríamos posicionarnos mentalmente en el medio evo, en el tiempo de las invasiones barbaras, o en medio de las campañas de Alejando, o en un momento imaginario donde se descubrió el fuego, y luego jugar con las palabras, decir que cualquier momento de estos es la frontera donde comienza la liquidez moderna. Por supuesto no tendríamos que justificar la elección de este momento, solo basta decir que ""antes"" todo era solido, y que ""ahora"" es liquido.
Podríamos pensar:
“Antes (del fuego) , las cosas eran mas solidas, cambiaban menos… todo lo que los seres humanos hacían eran mas duraderas, mas perdurables. La misma roca que la persona usaba para machacar huesos con carne era usada toda su vida!  

Ahora luego, en la modernidad liquida, las personas, cazan y cocinan sus alimentos… tenemos grandes comilonas, y migramos mas a menudo! Las personas organizamos la caza de animales de forma mas intensiva… los machos nos apareamos con mas hembras… todo es, ahora, mas liquido”
“Antes (de los nuevos barcos con vela), en roma se usaban remeros… los cuales eran personas capturadas y esclavizadas… estas personas morían atados a sus remos. La vida de las gentes eran menos cambiantes… mas solida…  Ahora, en la actualidad todo es mas liquido, cambiamos a los galeotes en cada batalla... invadimos mas pueblos costeros...  en fin todo es mas cambiante, mas liquido!”
Asi, ad infinitum.

Como sea, esta idea, si bien es un disparate metodológico, cae en otro error metodológico insalvable. Utiliza la historia para establecer una ley, una regularidad. Esto es imperdonable científicamente.
Con que bara, con que regla se puede medir el cambio (o el no cambio)?.  Que implica las cosas “antes” eran mas perdurables?  Antes de que?  Que cosas eran mas perdurables? Cual es el lapso de tiempo se utiliza?  Es que el tiempo praxeológico es lo mismo que el tiempo físico?  Obviamente no. El tiempo praxeológico (que es el que se utiliza en los temas relacionados con la acción humana) es subjetivo, no objetivo! En las ciencias sociales no se puede ""medir"" el tiempo, o trazar fronteras de antes y después, y no es posible medir los cambios... de hecho el proceso social es un proceso dinámico y por lo tanto cambiante por definición. 

Es que si tomamos las vidas de los esquimales donde durante años hacen mas o menos las mismas cosas, debemos concluir que los esquimales no son creativos o que son “sólidos” o que no afrontaban o afrontan las mismas incertidumbres que las personad de otras latitudes?
El futuro es inerradicable mente incierto para todos los seres humanos.  No sabemos (ningún ser humano sabe) las cosas que se nos ocurrirán dentro de un minuto, mucho menos dentro de una hora… y por supuesto poco importa si la persona es joven o vieja.  El futuro es incierto para todos.
Obviamente no sabemos, no podemos saber, lo que se le ocurrirá a otros. No sabemos que ideas se les ocurrirán a las personas, es por ello que es imposible humanamente predecir nada (es por eso que en las ciencias de la  acción humana es imposible y absurdo el uso de las estadísticas).

Esta cualidad intrínseca que nos depara del futuro,es decir su incertidumbre, nada tiene que ver con la tecnología, ni con los gobiernos, ni con los astros, sino con con la lógica de la acción humana. Tiene que ver con el alcance de nuestra mente, la cual no es capaz de predecir el futuro, y con la capacidad de crear de la nada nuevos fines, y nuevos medios.
En fin, como veras los errores de Bauman son infinitos. En cada una de sus ideas hay por lo general un error, ya sea conceptual o metodológico.

En suma el concepto de moderno no es susceptible de calificar de solido o liquido, cambiante o estático. Lo moderno es lo actual, y todo lo que nos rodea mientras vivimos es moderno, es actual.
Puede ser cambiante el cauce de un río, o las modas, el cine, o el color del camaleón, pues de alguna forma puede indicarse o adoptarse un punto de partida. Un camaleón puede ser en un momento verde y luego cambiar a rojo. Un rió puede ser mas ancho, y en una sequía mas angosto.  Un trozo de metal puede ser mas frió o mas caliente a partir de un punto de referencia tomado como inicial.   Pero una sombra no puede ser mas fría o caliente, ya que no es un adjetivo que le cabe.
De la misma forma lo actual, en términos de ideas individuales (o de sociedad), no puede ser mas o menos cambiante, no puede ser solido o liquido. 
Quien puede afirmar seriamente ""mis ideas de hace 2 años atrás eran menos cambiantes, actualmente lo son mas"".
 ""Mis ideas de hace 2 minutos eran menos cambiantes, las de ahora cambian a lo loco!"".
Entendemos que esto es una tontería?

La historia, es decir los hechos arqueológicos relacionados con la acción humana son eventos únicos e irrepetibles. Nuestras ideas son irrepetibles, son cambiantes.  
Cada segundo que vivimos tenemos ideas nuevas, ninguna idea es igual a otra anterior, nuestras ideas cambian. Son ""liquidas"" entonces!.
Es, como sea, imposible medir la velocidad de estos cambios. Es imposible afirmar que ""antes"" nuestras  ideas eran mas cambiantes que las de ahora, es decir que las modernas. No es posible compara algo que cambia con algo que cambia.
Es falso que ""antes"" las ideas no cambiaban, o que cambiaban menos que ahora. Menos que que?
Obviamente si no podemos verificar el grado de cambio de nosotros mismos, tampoco lo podemos hacer a nivel social (es decir al nivel de todas las ideas dispersan en las mentes pensantes de todos los seres humanos). 
Es absurdo tratar de afirmar que las ideas de las personas no cambian porque las personas convivieron con algún invento o herramienta mucho tiempo (el hacha de piedra construidas por protohumanos como el ergaster tardo mas de 1 millón de años en poseer mango...sin embargo no podemos afirmar que las ideas de los ergasters hayan sido ""solidas"" o no cambiantes).
Pues es esto es lo que hace Bauman.

Imaginemos a los Indios americanos, en el momento de la invasión Española. Es que podemos decir que su vida era solida mientras Pizarro y sus secuaces los aniquilaban, o mientras luchaban con enfermedades y plagas importadas de Europa?
Es posible imaginar cambios de paradigmas mas radicales?  Sin embargo para Bauman estas personas tenían una realidad ""solida"" y poco cambiante, etc.

En fin. Es evidente que nos encontramos ante una persona con ideas con bases ""no muy solidas""... mas bien liquidas!


Saludos",Identidad liquida,positivo,0,0
5579,2025-12-18,yt_user_@rominaest,Creo que el amor no es sacrificio que el amor se basa en el respeto y lealtad porque siempre vas a tener miles de opciones pero cuando hay amor ese corazón late por esa personita especial❤,Identidad liquida,positivo,1,0
5580,2025-12-18,yt_user_@fernandos,"Vivimos una época de, perdón la palabra pero no se me ocurre una más descriptiva, mierda.

Quienes no adherimos a esta locura nos vamos quedando cada vez más aislados en una sociedad decadente.

Somos quienes buscamos relaciones significativas, quienes no queremos vivir inmersos en las redes sociales, quiénes queremos escuchar buena música, quiénes amamos leer un libro, quienes buscamos a alguien que no se escuche y poder escucharlo.

Huxley was right.",Identidad liquida,neutral,0,0
5581,2025-12-18,yt_user_@julesland,"Una cosa que me ha molestado en el libro (y otros que hablan del tema) es la construccion de ese amor desde la monogamia. Me gustaría tener una reflexion al respecto, porque el poliamor requiere de mucho compromiso y no limita. Suele entenderse como el libertinaje, cuando precisamente es lo opuesto. El poliamor se trata precisamente de no limitar al amor a un sólo ser.",Identidad liquida,positivo,2,0
5582,2025-12-18,yt_user_@Trambroul,"Sé que hablas de las ideas de Bauman y no de las tuyas necesariamente, pero ¿no te parece que estas ideas se contraponen a tu comentario sobre el amor de por vida? Me refiero a cuando mencionabas que el amor para toda la vida nació en una época en que se vivían 40 años. Pero quizá ahora podemos vivir lo suficiente para saber cuando una relación ya dio todo de sí y podemos soltarnos mutuamente para seguir creciendo.",Identidad liquida,positivo,0,0
5583,2025-12-18,yt_user_@pedrogabr,"Amigo, esta hablando de las dos clasea de amor que exiten actualmente y como una se impone soble otra. Lo que propones justamente es usar y tirar cuando la persona o la relacion ya no te satisfaga. En cambio el amor al que el se referia es el que refuerza lazos y protege la relacion para hacerla durar. Te entiendo de todos modos, solo que los sentimientos y la empatia tambien estan devaluados y son desechables mas no para todos.",Identidad liquida,neutral,0,0
5584,2025-12-18,yt_user_@germaniar,"Muchas gracias por el video.
Había escuchado el audio libro una parate y me ayudo tu resumen.

Propongo si no lo has hecho aún el comentario del libro TOCAR ES VIVIR de Mariana Caplan",Identidad liquida,positivo,0,0
5585,2025-12-18,yt_user_@matiasiva,"La modernidad se sostuvo bajo el mito del progreso social, los valores humanistas y la razón. Evidentemente el posmodernismo expresó un desencanto de aquella visión utópica de la sociedad y, por ende, abrazó la idea de la muerte de los grandes relatos, del sujeto y la primacia de las estructuras a la hora de comprender la construcción de subjetividades. Pienso que estamos en un punto ciego de la historia, carente de una visión de futuro. Quedamos atrapados en el cinismo, hedonismo y ansiedad propias de una época que no ha sabido construir nuevos valores colectivos que le den cuerpo a una sociedad. En la modernidad asistimos a la muerte de Dios bajo el nacimiento del individuo, la razon y el progreso. Con la posmodernidad fuimos testigos de la muerte del sujeto y el nacimiento de las estructuras y sus determinaciones. En éste momento de la historia nos encontramos en un interregno dónde, y citando a Gramsci, lo viejo no termina de morir y lo nuevo no termina de nacer. En fin, redes sociales, consumismo, hiper-individualismo, ansiedad, ascenso de las nuevas derechas como restauradoras de un orden perdido, politicas de la identidad etc. ¿Hacia dónde vamos? No lo sabemos.",Postmodernidad y Miedo,negativo,188,0
5586,2025-12-18,yt_user_@Silver__L,"Gracias Monitor, tu contenido siempre impacta en mi día de manera positiva.",Postmodernidad y Miedo,positivo,35,0
5587,2025-12-18,yt_user_@marlonlla,0:52 Al Sonic feo trataron de ponerle un rostro humano para familiarizarlo con el publico cuando a lo que debe parecerse es a un erizo como el del juego.,Postmodernidad y Miedo,positivo,6,0
5588,2025-12-18,yt_user_@danilocam,"Muy buen análisis. Felicitaciones.
Solo no concuerdo con que la sociedad posmoderna sea autocritica. Me parece todo lo contrario: es una sociedad autocomplaciente y por tanto, no ve sus fallas. Quiere modificar lo antiguo y adaptarlo a su gusto y manera de ver la vida porque no acepta que lo actual pueda ser lo errado o tener fallas. Un ej claro se ve en el cine, para mi, una de las artes más magulladas y perjudicadas por esta era.
Saludos desde Santiago, Chile.",Postmodernidad y Miedo,neutral,30,0
5589,2025-12-18,yt_user_@marcello7,"Tan pronto como algo se vuelve una moda, surgen corrientes contrarias que luego repiten el ciclo. A la construcción de una idea le sucede la deconstrucción y por ende la reconstrucción.",Postmodernidad y Miedo,neutral,40,0
5590,2025-12-18,yt_user_@ought9948,"En una clase de etnomusicología, abordamos un poco del posmodernismo (solo lo esencial, casi superficial...). Para ello, el profesor puso de ejemplo la película ""stop making sense"" de the talking heads, conforme iba avanzando la película el catedrático nos iba describiendo y deconstruyendo parte de ese concepto. Me pareció un abordamiento musical y artístico muy interesante y acertado.Lo dejo como recomendación por si a alguien le interesa.",Postmodernidad y Miedo,neutral,3,0
5591,2025-12-18,yt_user_@ricardoar,Muy buen trabajo.. gracias por compartir,Postmodernidad y Miedo,positivo,2,0
5592,2025-12-18,yt_user_@douglasag,"Me gustó cuando dijiste que ahora tenemos, al menos, alguna oportunidad cuando antes no había ninguna. Me recordó a mi abuela dando gracias a dios porque tenemos acceso a créditos, cuando antes a ella, por mucho que trabajara, no tenía esas oportunidades.",Postmodernidad y Miedo,positivo,13,0
5593,2025-12-18,yt_user_@urielguti,Gracias por compartir esa perspectiva,Postmodernidad y Miedo,positivo,1,0
5594,2025-12-18,yt_user_@acalaneta,Siempre me impresionan tus formas de ver las cosas y abrirnos los ojos. Gracias!,Postmodernidad y Miedo,positivo,2,0
5595,2025-12-18,yt_user_@Artigaz,"Pues si hubo ascenso social, progreso y la ciencia ayudó mucho a la humanidad. No fué la racionalidad la que destruyó el modelo de Estado de Bienestar",Postmodernidad y Miedo,neutral,13,0
5596,2025-12-18,yt_user_@muyatem56, @Artigaz  sabes porque empezaron los estados de bienestar especialmente el yanki?,Postmodernidad y Miedo,neutral,0,0
5597,2025-12-18,yt_user_@sergiocab," @matiasivan515  Una reflexión interesante y muy bien construida, desde mi punto de vista. Además de la buena explicación del video, esta respuesta está cargada de verdad. Creo que es importante hacer este tipo de ejercicio de la posmodernidad que induce a vivir con lo justo, buscar cierta homogenizacion y vivir más con menos, buscando un cierto bienestar personal que sume a la sociedad, sin embargo se esconde una cierta afiliación a la ideas liberales de la economía y por eso creo que hemos llegado a este punto de dudar sobre la verdadera finalidad de la posmodernidad. Pero creo que también falla en un aspecto fundamental. Y es que aunque no pretende ser idealista y se centre en el individuo mueve a masas bajo un solo pensamiento, y como decía Foucault al final, todo movimiento o idea que se establezca como la ""norma"" acaba construyendo un sistema de jerarquía, por ejemplo : en occidente fue pasando de la autoridad de la iglesia hasta que llegó la ciencia que estableció una nueva narrativa y una nueva forma de entender la vida, y posteriormente el posmodernismo vino a derrumbar esa narrativa y a establecer la suya propia. En un círculo del que creo que no se puede salir porque es inherente al ser humano, según la historia, construir sociedades en las que exista una idea, un motivo, o un propósito común en masa que no sea únicamente el bienestar individual. Por ello, las fuerzas reaccionarias ahora ganan más impulso, porque han sabido conducir el malestar de las masas populares, porque les han dado una idea, un propósito, un concepto nuevo de progreso, aunque sea todo una falacia para obtener poder o rédito personal, han conseguido que obreros voten a los patrones. Y lamentablemente en esto es en lo que ha fallado el posmodernismo en su intento de intentar construir sociedades fijándose en lo que nos hace diferentes en vez de hacerlo en lo que nos hace iguales, y aunque puede parecer un pensamiento un poco vago y simple hay un transfondo  extenso en este argumento.",Postmodernidad y Miedo,positivo,3,0
5598,2025-12-18,yt_user_@gerardon1,La solución es individual. Esperar progreso es una utopía. Una extinción voluntaria (antinatalismo) resolvería todos los problemas...,Postmodernidad y Miedo,neutral,0,0
5599,2025-12-18,yt_user_@olaguecoe,"​ @W38951 O para precisar mejor tu analogía, dado que los cavernícolas preceden a ese concepto: el arte posmoderno es cavernicola; es tan fino en sus detalles como el arte rupestre. 

Ahora, considera algo: se dice que el arte rupestre representaba modos de comunicación (como las manos, casi como el ""pepito was here""), signos de vida (es decir, se pintaban, q se yo, leopardos porque indicaba que ahí había esos animales, y podían matar a los demás) o por cuestiones mágicas (pues se teoriza que ellos creían que las entidades representadas en la pintura poseían un poder mágico). Sea como sea, era pintura rudimentaria en el sentido de que no implicaba tan gran nivel de significación, y solo atendía a ideas ordinarias o comunes. El arte moderno está cargado de significado y técnica, tan es así que en su momento se valuaba un cuadro por ejemplo, en función de lo asombroso de la técnica empleada o de lo que lograba evocar en los observadores más allá de sentimientos simples. Así que el arte posmoderno es tan rudimentario, simple y rupestre como el arte primitivo... Pero al menos los seres humanos primitivos están justificados, ya que aún no desarrollaban su gusto artístico ni su conocimiento del mundo y las pasiones como nosotros.",Postmodernidad y Miedo,neutral,0,0
5600,2025-12-18,yt_user_@jesucrist,"Hay que ser optimista, uno tiene que caer para aprender a levantarse.. incluso la sociedad. Yo sé que sueno como misionero pidiendo crear consciencia, pero a veces siento la fé de zaratustra cuando le dijo a sus huéspedes que el ubersmench estaba por llegar",Postmodernidad y Miedo,positivo,5,0
5601,2025-12-18,yt_user_@franagust,"El comunismo se hace mas fuerte, con la muerte de la democracia y el individuo y el deseo de conquistar el espacio, el capitalismo llega a su fin",Postmodernidad y Miedo,negativo,4,0
5602,2025-12-18,yt_user_@remi8664,"​​ @franagustin3094 ¿Más fuerte dónde? El capitalismo es hegemónico y el comunismo pasaría por la abolición de las clases sociales, el aparato del Estado como ente dominador de clase y la explotación asalariada, no por la estatización de la economía, que de hecho ha ido en declive desde los años 80-90.",Postmodernidad y Miedo,neutral,17,0
5603,2025-12-18,yt_user_@rosventac,"Lo bueno del posmodernismo y eterna, son el blue jean ""nevado"" y cuando se creía que ya no se podía superar, salieron los pantalones ""rotos"" ...ese ha sido un buen fruto...también los cierres ahora son visibles y están dándole importancia a un diseño elaborado a la espalda...",Postmodernidad y Miedo,positivo,1,0
5604,2025-12-18,yt_user_@qchtohere,"Felicitaciones, descubriste la dialéctica.",Postmodernidad y Miedo,neutral,7,0
5605,2025-12-18,yt_user_@MichaelAl," @qchtohere8636  Terminar en reconsrruccion es volver a lo anterior,es que no a habido cambio,eso no es dialectica.",Postmodernidad y Miedo,neutral,0,0
5606,2025-12-18,yt_user_@sergioara,"Denunciarlo ayuda ,con suerte le banean la cuenta por el spam.",Postmodernidad y Miedo,positivo,8,0
5607,2025-12-18,yt_user_@smookersm,"yo he denunciado también, ojalá poder hacer algo más",Postmodernidad y Miedo,neutral,1,0
5608,2025-12-18,yt_user_@carlosalf,No se por que tanta molestia. Sabemos que todos los que vemos este canal caeriamos en dicha estafa.,Postmodernidad y Miedo,neutral,0,0
5609,2025-12-18,yt_user_@douglasag,"@joseluisperez221  no sé en tu país, pero en El Salvador (donde vivo) la vida era mucho más compleja. Mi familia nunca tuvo casa propia por mucho que trabajaran muy duro. La gente que pudo comprar una casa o terreno, lo hizo en lugares donde ""todo era campo"". Luego las ciudades crecieron y urbanización esos lugares",Postmodernidad y Miedo,positivo,3,0
5610,2025-12-18,yt_user_@jarg5375,"Ya casi 25 años del inicio del siglo XXI ya se habla de fracasos y decepciones que trae este nuevo panorama, tanto que imposible de ocultar los grandes fracasos de las democracias, el sistema económico y la ambición humana.",Postmodernidad y Miedo,neutral,1,0
5611,2025-12-18,yt_user_@novaware5,Tio monitor namas quiero decir gracias por tus videos te conozco desde hace ya medio año y fuiste de los primeros canales de filosofía que empeze a ver :vv,Postmodernidad y Miedo,positivo,3,0
5612,2025-12-18,yt_user_@marcoanto,¡Excelente vídeo! Inmediatamente pensé en una sociedad minimalista como resultado de la posmodernidad.,Postmodernidad y Miedo,neutral,1,0
5613,2025-12-18,yt_user_@SaUl95954,"1:46 primero, admiraría la imagen con movimiento y pediría como se hizo esa genialidad.",Postmodernidad y Miedo,positivo,1,0
5614,2025-12-18,yt_user_@nestorate,"Espero algún día podamos compartir un café, y explicarle por que un arquitecto escucha a una persona que habla de filosofía, una excelente explicación (para mi) de la que yo llamaría el síndrome de las cajas de zapatos (supervivencia) o de la formas (si me refiero a la forma de las edificaciones) por la forma de como me puedo hacer famoso, felicitaciones y mucho éxitos.",Postmodernidad y Miedo,positivo,2,0
5615,2025-12-18,yt_user_@jpcguzman,"Que video tan interesante, me inquieta porque yo tenia una concepción de posmodernidad algo diferente, aunque hay cosas en las que converjo. Uno de los puntos que mas me inquietan es que la estética simple y/o minimalista es posmoderna, yo tenia la idea de que esa estética era netamente moderna, pues la era moderna esta cimentada en los valores de la industria y el capitalismo (este ultimo como la idea y sistema totalizante que ""gano"" entre tantas otros proyectos universalizadores de la modernidad), y estos valores abogan por la producción, la eficiencia, el rendimiento, por lo tanto si se decide por objetos de consumo, simples y minimalistas, se ahorra en la producción, y se unifica el gusto de las masas, porque todo gira en que la funcionalidad misma, en lo ""facil de usar"", lo ""fácil de entender"" ""fácil de desechar"", etc.  Teniendo como ejemplo,  todos estos valores  de ""volver a lo simple"", o que lo ""simple es bello"" se puede ver en el desarrollo de la bauhaus (que es moderna) y toda su influencia.

Otro punto que me inquieta es cuando dices que ""se elije por una vida mas simple, lo básico"", yo no creo que se elija, yo creo que en parte es por las posibilidades sociales de las personas, y por otro lado por la concepción de éxito que se tiene ahora, que se basa (generalizando mucho) mas en vivir experiencias, que el la posesión de objetos materiales.

Alguna vez había escuchado que lo posmoderno era lo moderno analizándose, pensándose, criticandose y produciéndose a si mismo, y que algo para ser moderno, primero tenia que ser posmoderno, y viceversa.

Es decir lo posmoderno no deja de ser moderno, porque al desmontar una gran narrativa trata de instaurar otra, que también pretende cierta universalización o paradigma.
Un ejemplo de ello son las vanguardias artísticas de finales del siglo XIX e inicios del siglo XX, son un análisis del paradigma del arte del momento, y a partir de  este análisis se critica, y se produce otra manera de hacer arte, otra narrativa paradigmática. Por lo tanto que estas vanguardias antes de ser modernas, fueron posmodernas. Siendo así, la modernidad y la posmodernidad no se siguen de manera lineal, es algo cíclica, con consecuencias de fragmentación epistemológicas.",Postmodernidad y Miedo,positivo,2,0
5616,2025-12-18,yt_user_@MegaCarlo,"Yo lo veo en esencia el nacimiento de su contracultura en respuesta a su saturación. En los 80s la música era sintética, computarizada, reflejaba el avance de la tecnología por lo que era innovación y se esperaba que las siguientes décadas sea cada vez más sofisticadas, grandes guitarristas con sus interpretaciones difíciles de hacer y era eso el valor adicional a su arte, los artistas vestían futuristas, como super poderes, digno de mega estrellas, pero en los 90s cambio, volvió la sencillez como Nirvana, una guitarra acústica y un poco de acompañamiento, una persona sencilla el cual identificaba más al joven típico y listo, lo hacía verse más humano en lugar de verse falso como los otros (visto desde su punto de vista). En los videojuegos antes se buscaba gráficos y complejidad y así lo era hasta que por la saturación hemos vuelto a valorar lo sencillo y corto. Antes la información era difícil de acceder valoramos lo poco que teníamos, ahora puedes descargar libros de varios temas y no sabes por dónde comenzar y ni terminas de leer uno solo, lo mismo aplica con las plataformas como Netflix y similares que ya ni sabes que serie ver.",Postmodernidad y Miedo,negativo,1,0
5617,2025-12-18,yt_user_@terminato,Hace tiempo que no veia tu canal pero me gustó que sigas con el formato con el que iniciaste siento que son un poco mas cortos los videos pero aun asi sustanciales.,Postmodernidad y Miedo,neutral,0,0
5618,2025-12-18,yt_user_@Sevuelvee,Excelente vídeo tío Monitor. Varias cosas no había considerado del postmodernismo.,Postmodernidad y Miedo,positivo,0,0
5619,2025-12-18,yt_user_@anonimovn,"un cambio de perspectiva a todo lo que suponia era posmodernidad, gracias por tus conocimientos y percepcion tio monitor, siempre se disfruta de todo lo que haces",Postmodernidad y Miedo,positivo,0,0
5620,2025-12-18,yt_user_@bregnevak,"Creo que si se el posmodernismo repeliera la teatralidad y la imposición, no estarían tan de moda los activismos que pueden llegar al punto de convertir en crimen no hablarle en femenino al calvo peludo sin uniforme que lo exige, como se hace explícitamente en Canadá, e implicitamente en el resto del mundo. Y creo que lo que se viene es una nueva era de políticas narcicistas y autoritarias, similar a lo que pasó con el experimento de la vida perfecta que mencionó Tri-line.",Postmodernidad y Miedo,positivo,10,0
5621,2025-12-18,yt_user_@remi8664,"Dudo que sea así en Canadá, y de hecho no conozco ninguna estadística de condenas relativa a eso. Sospecho que es una caricatura mediática de una ley que pocos fuera del país han leído realmente. Incluso aunque así fuera, dudo que un caso particular sirva de referencia para poder aludir a una tendencia general, ya que de hecho esas políticas que citas ya están en decadencia y la derecha conservadora más o menos radical es la que está ganando peso en el mundo. También tienes ejemplos de lo contrario de lo que mencionas en EEUU o Rusia, en el primer caso con censura de libros de contenido progresista en múltiples bibliotecas juveniles, en el caso de Rusia con la prohibición de la mera exposición de relaciones homosexuales (no íntimas, se entiende) ante menores, que está siendo seguida además por Bulgaria, Polonia o Hungría.",Postmodernidad y Miedo,positivo,1,0
5622,2025-12-18,yt_user_@soyluissa,"Ojalá el porvenir sea algo distinto como dices, tengo muchas ansias de vivir una nueva época y cosas nuevas.",Postmodernidad y Miedo,neutral,0,0
5623,2025-12-18,yt_user_@carlosnav,"... todavía sigo mareado por el jaloneo de los argumentos, no obstante, recojo el de la autocrítica como distintivo... no sé si tendrá equivalencia con aquello que conocíamos como crisis!",Postmodernidad y Miedo,negativo,2,0
5624,2025-12-18,yt_user_@ivanvaler,Interesante y didáctico. Debo aclararle que Erasmo no vivió en la Edad Media sino en el Renacimiento. Saludos desde Chile,Postmodernidad y Miedo,positivo,0,0
5625,2025-12-18,yt_user_@Μαυρίκιοε,"Posmodernismo es una actitud qué revisa la pregunta sobre la modernización del mundo. Cuanto se modernizo el mundo, pero cuanto y si vale la pena seguir en esa senda o cambiar y si seguimos de que forma",Postmodernidad y Miedo,neutral,1,0
5626,2025-12-18,yt_user_@raulfanti,"Como ya abandonaste eso de ""prepárate un café "", ahora espero el ""prepárate un mate"". Cuando será?  Ahora, fuera de joda, siempre interesante tu aporte. Tu compañia es reconfortante. Y también tus enseñanzas. Grande Tito!!!",Postmodernidad y Miedo,positivo,1,0
5627,2025-12-18,yt_user_@isaaccast, @darknesscefal  una lucha de conservadurismo vs politicas identitarias,Postmodernidad y Miedo,neutral,5,0
5628,2025-12-18,yt_user_@cesarenri,Una Nueva Derecha!! Viva la libertad Carajo!!!,Postmodernidad y Miedo,positivo,7,0
5629,2025-12-18,yt_user_@LEO-z4c2z,El islam o algo igual de radical que se le oponga. La historia no deja de ser dialéctica.,Postmodernidad y Miedo,neutral,1,0
5630,2025-12-18,yt_user_@The_Accol,"El retorno a la tradición: conocimiento estructurado = educación tradicional (filosofía, historia que incluya el estudio de la ética tradicional y de la ciencia como fundamento del raciocinio, arte tradicional con el estudio de técnicas tradicionales... Es decir, volver al conocimiento y técnicas que se han ignorado para dejar entrar el individualismo.",Postmodernidad y Miedo,neutral,0,0
5631,2025-12-18,yt_user_@darknessc," @matiasivan515  la plena existencia demanda una estructura, podría ser?, la inexistencia puede ser estructura?",Postmodernidad y Miedo,neutral,0,0
5632,2025-12-18,yt_user_@rodrigoan," @emmafilmsplus  Después que seguirá?
La Prime-modernidad?
Recuerdo que una vez un socialista mencionó que llamar a una era: Era moderna era pretencioso 
Y es que, qué sigue después de lo moderno, lo nuevo?",Postmodernidad y Miedo,neutral,0,0
5633,2025-12-18,yt_user_@luiscog36,"Me diste una buena conciencia de lo que hemos progresado los últimos cien años en instituciones públicas, espero que no se regrese en el Progreso.",Postmodernidad y Miedo,neutral,0,0
5634,2025-12-18,yt_user_@prof.gonz,"Personalmente, siempre me ha parecido que la visión de Octavio Paz sobre la instauración de una tradición de la crítica que rompe con lo inmediatamente anterior es una muy buena herramienta para entender el presente. Hace tiempo que vivimos en la moda de las modas. Seguramente lo que venga será una mezcla de diferentes pasados, pero aparecerá como nuevo.",Postmodernidad y Miedo,positivo,0,0
5635,2025-12-18,yt_user_@matiasrui,"Tremendo! Excelente explicacion! Youtube me recomendo este canal! Curiosamente en agosto saque un disco que plantea tu misma hipotesis del final: que la postmodernidad esta llegando a su fin y estamos transicionando hacia algo nuevo! Algunos hablan de ""meta modernidad"" pero creo aun es un poco prematuro puede ser?",Postmodernidad y Miedo,positivo,0,0
5636,2025-12-18,yt_user_@Porelcami,"El posmodernismo tuvo más influencia ideologica en occidente porque es consecuencia del capitalismo realmente existente y las políticas liberales, el posmodernismo es un hijo del liberalismo",Postmodernidad y Miedo,positivo,20,0
5637,2025-12-18,yt_user_@grialinfo,"Estaba escuchándote, y cuando has mencionado eso de que ""el Universo no es bueno ni malo, la naturaleza no es ni buena ni mala, simplemente es"" me ha venido a la cabeza que esa no solo es una idea completamente postmoderna, sino que es la base misma del postmodernismo.

Y yo soy de los que espero que se supere esta crísis de valores postmodernos, con un nuevo postmodernismo, uno que sea capaz de vivir en la incertidumbre, la inseguridad y la duda. Pero la historia ya nos ha demostrado que toda tendencia cultural, ideológica, filosófica, moral... viene a ser sustituida por la completamente contraria en períodos de tiempo sucesivos, como un péndulo interminable de una búsqueda que en realidad es más vacía de lo que pretende, pues el sentido ahí está simplemente en experimentar el cambio de lo que hay. Así que sí, supongo que vendrá algo nuevo, una época más conservadora, más espiritual, menos individualista... algo nuevo. Pero como siempre, cuando acaba una era, y empieza otra, siempre quedan posos de lo que sucedió. Y seguirá habiendo posos de épocas pasadas, avanzando en círculos pero ampliando el radio del mismo, creciendo en espiral. Volvemos al mismo punto, todo vuelve a cambiar para volver a ser lo que fue... pero hemos avanzado un poquito, el acervo se ha ampliado, nuestras experiencias han crecido. Todo vuelve a ser como fue, pero nunca vuelve a ser igual.",Postmodernidad y Miedo,positivo,0,0
5638,2025-12-18,yt_user_@andresfre,"Deberías leer ""después de la finitud"" de Quentin millaessoux. Uno de los llamados Realistas especulativos. Incluso muestra una metáfora qué ilustra a la posmodernidad en la filosofia: el paso de baile correlacional.",Postmodernidad y Miedo,positivo,0,0
5639,2025-12-18,yt_user_@brandonal,"Buena reflexión la del video, ojalá sigas hablando sobre la posmodernidad, yo me imagino que la siguiente etapa de la humanidad estará marcada por la IA y la extrema eficiencia, lo que nos permitirá enfocarnos en las experiencias y vivencias, alejándonos del ""trabajo""",Postmodernidad y Miedo,neutral,0,0
5640,2025-12-18,yt_user_@katanapop,"Al posmodernismo se lo derrota terminando con el relativismo. Pongo el ejemplo de la música: yo no creo en la subjetividad. Una música más creativa, mas virtuosa técnicamente, más desafiante, más difícil de ejecutar, es objetivamente superior a una música que se sube a la moda y que carece de todos esos elementos. Cuando dejemos de creer que todo tiene el mismo valor, que todo es igualmente bueno, que no importa si está hecho con o sin esfuerzo, cuando terminemos con el uso del AutoTune, fin del posmodernismo. Y eso sucederá tarde o temprano. Así que a estudiar, a esforzarse, a aspirar a lo bello y a lo sublime, a dejar de lado el mal gusto y la obsesión por lo efímero, y por uno mismo, y las cosas cambiarán. Necesitamos un nuevo Renacentismo.",Postmodernidad y Miedo,positivo,2,0
5641,2025-12-18,yt_user_@montacalv,"Fuaaaa, me encanto el video, realmente parece que se siente como el renacimiento, cuando Miguel Angel y Leonardo fueron criticados porque en sus obras ya habian avanzado demasiado y no dejaron que la figura perfecta del hombre siga progresando pero mas lentamente hacia su estado mas puro. Podría decirce que la Capilla SIxtina fue el culmen del siglo XVI cuando solo habian pasado 12 años del siglo. El resto de obras de ese siglo parece nada mas una vuelta hacia esos artistas. Gilles Neret en su libro sobre Miguel Angel dice que en el período desde 1540 hasta su muerte este genio era mas un ""rey aburrido"" que un  artista activo, sin contrincantes, nadie que se le asemeje y con no muchas cosas que hacer.
Ahora se siente igual, estamos simplemente al limite de esta era.",Postmodernidad y Miedo,negativo,2,0
5642,2025-12-18,yt_user_@rabbito18,Ojala que lo siguiente abraze al hombre y hagan una suerte denuevo idealismo material. Pero quiziera se abrazara mas la ciencia y asi esbozaran nuestras profubdidades ❤,Postmodernidad y Miedo,neutral,1,0
5643,2025-12-18,yt_user_@princessa,Comentario para que el algoritmo favorezca este contenido,Postmodernidad y Miedo,neutral,0,0
5644,2025-12-18,yt_user_@BlackBurn,"No me parece que sea así. Hay experimentos sociales sobre la CONFORMIDAD. Si mucha gente dice que A es correcto, y tú eres el único bicho raro que no coincide; pues curiosamente, es probable que en tu mente hagas los malabares mentales para aceptar lo que originalmente no aceptabas. Cómo si toda esa gente cultisima dice que ese inodoro es arte, que incluso aparece en galerías de arte, puesto por gente que se dedica toda su vida a esto... entonces, el que está mal soy yo.
Funciona igual el mecanismo en ambientes con sensibilidad de izquierda, como las universidades públicas de LATAM.",Postmodernidad y Miedo,neutral,1,0
5645,2025-12-18,yt_user_@ricardori,"No, ningún capitalista baraja esa posición. Lo que tu llamas capitalismo es en realidad un capitalismo roto, con un estado elefantiasico.",Postmodernidad y Miedo,positivo,1,0
5646,2025-12-18,yt_user_@Porelcami," @ricardorien  El estado y el capitalismo no son opuestos, lo que yo llamo capitalismo es cuando la clase capitalista hace las leyes para favorecer sus intereses, así ha sido siempre pero ya se pueden apreciar claramente sus insuficiencias. NOTE USTED LIBERTARIO O PERSONA AFIN QUE NO EXISTE UNA ECONOMIA PROSPERA EN EL MUNDO QUE NO ESTE ATADA A UN APARATO ESTATAL GRANDE, porque ambas cosas se correlacionan y se podría argumentar que son causales una con la otra.",Postmodernidad y Miedo,neutral,1,0
5647,2025-12-18,yt_user_@mapachepu,"Creo que es un error decir que la posmodernidad busca la igualdad y la homogeneidad...básicamente eso es lo contrario de prácticamente todos los autores posmodernos y los estudiosos de él. Lo que caracteriza al pensamiento posmoderno es la valoración de la diferencia y la heterogeneidad, de lo distinto: las luchas identitarias, la muerte de los grandes relatos, la idea de que no hay una única verdad sino interpretaciones y modelos (lo que es coherente con el paso de la imprenta a los sofware y el internet para comunicarnos) dan cuenta de su oposición a las explicaciones universales (como las de la ciencia, la religión o las ideologías). El problema de hablar de posmodernidad es que se entienden cosas distintas cuando estamos hablando de ella como periodo histórico, como pensamiento filosófico o visión en el arte, y si bien hay puntos comunes, creo que tu caracterización no da en el clavo en identificarlos. Quizá en vez de tener como base para pensar a la posmodernidad a Byun-chul Han hubiese sido mejor el texto de Terry Eagleton  ""Las ilusiones del posmodernismo"". Aunque sí considero que estamos en el fin de una época, como dices.",Postmodernidad y Miedo,neutral,10,0
5648,2025-12-18,yt_user_@AlvaroPaz,"Se entendió el video! pero para aclarar mejor mis dudas , si hay, cuál seria la relacion que tiene el posmodernismo con el wokismo?",Postmodernidad y Miedo,neutral,0,0
5649,2025-12-18,yt_user_@andrewgtz,"Vaya, esto me deja aun mas en claro lo mucho que aborrezco y detesto esta epoca posmo. Como si desear el bien estar individual fuera algo mutuamente excluyente con creencias de epocas pasadas... creo es llevarlo al extremo. Porque no mejor decimos que somos unos idiotas sin proposito completamente enajenados en nuestro individualismo?",Postmodernidad y Miedo,neutral,0,0
5650,2025-12-18,yt_user_,"Yo entiendo por posmodernidad, el fin de los ideales de la modernidad y no la tendencia al minimalismo.",Postmodernidad y Miedo,negativo,0,0
5651,2025-12-18,yt_user_@uncivilda,"Diógenes no amaría la posmodernidad, sino todo lo contrario. Nuestra vida es de todo menos simple; y si él ya rechazaba lo artesanal, no me quiero imaginar el concepto de industrial... Pero habría sido un gran Ludita. 


PD: si gustan apoyen, acabo de empezar, gracias.",Postmodernidad y Miedo,positivo,1,0
5652,2025-12-18,yt_user_@josephjoe,"Parece que se ha ganado demasiado en crítica de la sociedad y se ha perdido demasiado en crítica del sí mismo. Por eso no estoy de acuerdo con el autor de este video... la ausencia de autocrítica, entendida como crítica del sí mismo, está siendo la perdición del humano posmoderno. Eso sí es un retroceso o, cuando menos, un estado neutral respecto a lo anterior.",Postmodernidad y Miedo,neutral,2,0
5653,2025-12-18,yt_user_@unaperson,"La mayoría no creo que haya cambiado su pensamiento, más bien se resignó a esto que está pasando. Cuando las personas jovenes que se quieren ir a buscar un hogar alquilan un monoambiente no creo que estén haciendo eso porque quieran buscar simplicidad, más bien porque es lo que hay.
Capaz que en otras clases sociales, más privilegiadas, realmente existe un cambio de paradigma en las creencias y demás, pero la realidad es que al menos en Latinoamérica la situación parece distinta.
Además, este fenómeno de la caida de la posmodernidad no es nada nuevo. Ya viene desde el straussianismo o el neoconservadurismo, incluso el islamismo en medio oriente, que sostienen que hay que volver a los valores tradicionales para evitar el nihilismo puro. Estas son tendencias que ya vienen desde la guerra fría, y la realidad es que no son nada nuevo.
Recomendaría mucho, a los interesados en el tema los documentales de Adam Curtis. La verdad, son todos una joya y tratan muy bien el tema.",Postmodernidad y Miedo,positivo,1,0
5654,2025-12-18,yt_user_@renatoe96,"Hmm el postmodernismo es resultado de una industrialización uniformizante q reduce a todas las personas a piezas intercambiables y fácilmente reemplazables para su industria. 
Lo vemos en la simplificación al utilitarianismo, la educación de modelo prusiano y hasta la busqueda de la igualdad de todos",Postmodernidad y Miedo,neutral,1,0
5655,2025-12-18,yt_user_@marval912,Ya se está acabando? Gracias a dios 😊,Postmodernidad y Miedo,positivo,24,0
5656,2025-12-18,yt_user_@LuisDB106,"Concuerdo con tío monitor,
Vivimos en una época en la que nada merece ser tomado enserio. Ni siquiera la posibilidad de una 3ra temporada (en vista de los que pasa en oriente medio y en Ucrania).",Postmodernidad y Miedo,neutral,6,0
5657,2025-12-18,yt_user_@Allamant2,"Tío Monitor creo que antes de verlo con un tono Filosófico y tan positivista seria pertinente tratar el arte moderno como lo que es, “Hamparte”  en su mayoria, que es básicamente “ el arte de no tener talento” acuñado por el artista y pintor español Antonio García Villaran y que tantos malestares ha causado en la comunidad al mostrar lo evidente, la mayoría de esos personajes son “pseudo- artistas”, meros estafadores que presentan supuestas obras , como el plátano pegado con cinta en una pared, como algo novedoso, cuando es poco mas que una estafa y burla hacia la inteligencia de cualquier ser pensante, solo permisible por el intenso problema de lavado de dinero actual en el mundo de las obras, comprando “basura literalmente” a precio de oro.

Siento que tú video, como casi todo, va orientado hacia un positivismo y buenísimo que en ocasiones raya la irrealidad y trata de justificar campos que no manejas, como es el mundo del arte, ergo creo que este caso deberías dejar la filosofía y las palabras bellas para tratar de defender algo que decenas de artistas actuales critican y es la mediocridad, los amiguismos y la corrupción rampante en el mundo del arte, que campa a sus anchas por no estar regulado.

Falto mucha más investigación en este video y no creerse las mentiras de “supuestos artistas modernos” que solo tratan de mantener su negocio a base de engaños",Postmodernidad y Miedo,negativo,2,0
5658,2025-12-18,yt_user_@cristiand,A mi siempre me van a gustar las construcciones italianas romanas de 1890 a 1940.,Postmodernidad y Miedo,neutral,0,0
5659,2025-12-18,yt_user_@mauriciom,"Claro que Kant lo odiaria, los primeros posmodernos criticaban mucho su obra",Postmodernidad y Miedo,neutral,0,0
5660,2025-12-18,yt_user_@hammercol,"Filosófica, ideológica y éticamente podemos ser postmodernos, pero en el aspecto económico estamos sujetos a un sistema capitalista que ha evolucionado a tal punto de que la desigualdad es el punto crítico que no estamos logrando mitigar, al contrario, se vuelve cada vez más grande la diferencia de acumulación entre los grandes capitalistas y la mayor parte de la población mundial.
Otra observación es que el postmodernismo en las instituciones es diferente al postmodernismo como ideología para la persona común, donde la persona común se vuelve hiper individualista, materialista, cree a rajatabla en la meritocracia y competitividad, y se desvincula de la política o la acción colectiva que tiene un impacto en la democratización del poder.",Postmodernidad y Miedo,positivo,1,0
5661,2025-12-18,yt_user_@marval912," @HerberthGM  No, solo tengo el fantasma de una anciana de 80 años atrapada en el miocardio 😜",Postmodernidad y Miedo,negativo,0,0
5662,2025-12-18,yt_user_@HerberthG," @naindiazpino9423  ¿o sea que vistes como en la época victoriana y vives en un inmueble con diseño gótico, escribes con letras super adornadas y crees fervientemente que el Dios en el que crees es ""el verdadero"" y los que no crean como tú son ""gente que se irá al infierno""?",Postmodernidad y Miedo,positivo,0,0
5663,2025-12-18,yt_user_@The_Accol,"Exactamente, es hamparte y el post-modernismo es darle premio a la ignorancia y falta de técnicas y talento.",Postmodernidad y Miedo,neutral,0,0
5664,2025-12-18,yt_user_@MichaelAl,"Falso,la desigualdad extrema solo es una realidad en latinoamerica. En continentes como Europa,Asia e incluso norteamerica no hay diferencias tan extremas. Y aunque la desigualdad no es ni nunca ha sido un problema (ya que no nacemos iguales y nunca lo seremos),somo la sociedad menos desigual en toda la historia humana.
Por otra parte,el posmodernismo no es hiperindividualista. Por el contrario,es tribalista ya que reinvindica a colectivos por raza,orientacion sexual,genero,etc. Claros ejemplos de esto son el feminismo radical y la comunidad LGTB. Prioriza la subjetividad (no la individualidad) y el relativismo moral.
Por ultimo,el posmoderno no cree en la meritocracia. Por el contrario,cree que el mundo le debe todo por ser como es,sin esfuerzo de por medio.",Postmodernidad y Miedo,neutral,0,0
5665,2025-12-18,yt_user_@Th3Cv4z,Y lo dijo el director PC de South Park esta temporada sobre por qué dejó de ser “woke” (una palabra burda para definir posturas posmodernas): “Era el lado desesperanzador de la historia”,Postmodernidad y Miedo,positivo,0,0
5666,2025-12-18,yt_user_@martinpai,"Usas algunos términos con imprecisión, por no decir erradamente,  como ""deconstrucción"" y ""crítica"", que en el contexto de la teoría crítica nada tiene que ver con su acepción ordinaria. Lamentablemente, se haría muy largo el comentario si me pongo a detallar, demasiado para que alguien lo lea; pero sí voy a decir que ambos términos tienen un cariz político y son subsidiarias del neomarxismo. La deconstrucción supone que la realidad puede ser leída e interpretada como un texto y pretende encontrar las relaciones de poder que dan forma a los significados con los que designamos la realidad. Horkheimer, Adorno, Marcuse y Habermas hablan de ""crítica"" en el sentido marxista: como evaluación de los males sociales desde un paradigma muy específico (neomarxista, justamente) para buscar su transformación (con revolución socialista originalmente, con democracia delegativa, dice Habermas luego - que es su intento para compatibilizar marxismo y democracia -). Sea como sea, y más allá de todo, algunas de tus opiniones me parecieron muy interesantes. Saludos",Postmodernidad y Miedo,positivo,1,0
5667,2025-12-18,yt_user_@claudiot6,"Que mal análisis, estas cometiendo un error al  confundir deconstrucción con el nivel de detalle de un obra. Deconstrucción es una reinterpretación que hizo Derrida a la palabra Destrucción de Heidegger. El posmodernismo es esencialmente un movimiento  pseudo filosófico, antirrealista y antiintelectualismo. Con una fuerte repercusión en el mundo intelectual, social y político. En este sentido que una obra tenga menos detalle como pokemón bajo ningún caso lo hace posmoderno, lo sería quizás si presentaran una caricatura con esa hoja en blanco que mencionas.
Lo único verdaderamente posmoderno que dijiste en todo el video fue relativizar el bien y el mal, puesto que como dije antes, este es un movimiento antirealista que no cree en la Verdad.

Se celebra la desnudez? Pues dile eso a los griegos.

pd: ese sonic ni ningún otro es realista, o acaso has visto un animal azul que camina y habla?

Eso, muy mal análisis, a estudiar más!",Postmodernidad y Miedo,positivo,1,0
5668,2025-12-18,yt_user_@juanchoga,"La perdida de valores elevados  o sustanciales como el reconocimiento de Dios o la ausencia total de este, lleva a no poder clasificar cosas tan básicas como la perfección o reconocer la ausencia de esta, siendo la pérdida de referentes la enfermedad enquistada en una sociedad que ahora llamamos 'postmoderna'",Postmodernidad y Miedo,neutral,0,0
5669,2025-12-18,yt_user_@pauloeste,"Genuinamente, creo que está etapa no es posmoderna, sino hipermoderna. El apego a la forma, la nihilidad regurgitando valores: balcanizando el valor. La industrialización es la forma en la que la tecnología como expresión científica nos ha llevado a esa inflación del conocimiento, derivando en la historia de la información.",Postmodernidad y Miedo,neutral,0,0
5670,2025-12-18,yt_user_@cocoro14,"Por favor tio monitor no sobre analices el ""arte"" posmodernista. Eso no es arte no hay ninguna crítica en vender un plstsno pegado a una pared en 3 millones de dólares o algo asi fue la cantidad que oagaron por eso o medio millon de dólares por un vaso con agua. Pasamos de adorar las antiguas obras griegas a comprar un plátano o un vaso de agua o caca enlatada. Eso es una ofensa a los verdaderos artistas que buscan csda dia romper nuevos límites en la imaginación humanas",Postmodernidad y Miedo,positivo,1,0
5671,2025-12-18,yt_user_@gaburah,"Claro que la posmodernidad nos ha traído la capacidad de crítica y autocrítica así como de reflexión intestina respecto a muchas taras que venían heredadas incluso desde la época victoriana y que se expandieron a lo largo del siglo XX. Pero también nos ha traído el feminismo radical de cuarta ola, el ecologismo extremo, el dogma de género, la justicia social como objeto de consumo y la total sumisión de la realidad a los caprichos del ego individual de cada pobre diablo que tiene que vivir en esta red de intereses interconectados. 

El posmodernismo va a morir un día tarde o temprano, Pero los que vivimos hoy, independientemente de nuestra edad o la fecha en que hayamos nacido, no viviremos lo suficiente para ver algo distinto. Yo no creo que esto vaya a culminar o a desembocar en algo a mediados del siglo XXI, yo creo que ese cambio profundo recién va a empezar a vislumbrarse A mediados del siglo xii o inicios del siglo xxiii. 

Me quedo con un aforismo que yo mismo me he creado para entender lo que me tocó vivir, quizá un poco inspirado en Philip Mainländer, Emil Cioran y Arthur Schopenhauer: ""quizá la posmodernidad esté muerta y caduca para la academia, pero el pandemónium posmoderno vive de facto entre nosotros"".",Postmodernidad y Miedo,positivo,0,0
5672,2025-12-18,yt_user_@anachroni,"La Post Modernidad desde el campo de la arquitectura es un tema mucho más complejo de tratar y para poder entender bien el fenómeno es necesario tener una visión lo suficientemente clara y completa de la modernidad en arquitectura, su origen, su planteamiento, su desarrollo y su caída, la manera como plantea usted el tema de la arquitectura post moderna como deconstrucción no es el adecuado, y el análisis es demasiado superficial y erróneo.",Postmodernidad y Miedo,neutral,0,0
5673,2025-12-18,yt_user_@hakmesta5,Desde cuando te gusta la dialéctica hegeliana?,Postmodernidad y Miedo,neutral,0,0
5674,2025-12-18,yt_user_@danielhaz,"Posmodernismo y posmodernidad no son lo mismo: el primero es un movimiento cultural, y el segundo, una condición sociocultural más amplia. Usarlos indistintamente puede generar confusión.",Postmodernidad y Miedo,neutral,1,0
5675,2025-12-18,yt_user_@yositoco6,"Pues yo creo que debemos convivir con todo y dejar de ver el mundo de forma unidimensional saltando de una cosa a otra.

No despreciemos lo simple por ser simple, y no veamos lo complejo como aburrido.

Cada cosa tiene su valor así que para mí ninguno de los extremos es correcto.

Ni ser un cabeza hueca consumidor de basura superficial y excesivamente simplificada, ni tampoco un mamador que sobrevalora lo complejo y se niega a ver el valor de lo simple por un ego intelectual absurdo.",Postmodernidad y Miedo,negativo,0,0
5676,2025-12-18,yt_user_@sofi_corv,Se viene un mundo justicialista.,Postmodernidad y Miedo,neutral,3,0
5677,2025-12-18,yt_user_@jackgonza,El posmodernismo es la apologia a la falta de talento y a la ineptitud  apelando a las emociones.,Postmodernidad y Miedo,neutral,0,0
5678,2025-12-18,yt_user_@gabotrova,"Es Posmo
😐😐😐😐
Posmodernista
😐😐😐😐
O sea, puras locuras.
😃😄😀🙂


(referencia Simpson)",Postmodernidad y Miedo,neutral,1,0
5679,2025-12-18,yt_user_@simonfran,"La verdad es que no creo que el análisis sea tan acertado. A mi entender, partiendo desde la honestidad, las ideas posmodernas realizaban una crítica principalmente respecto a las metaestructuras que constituían nuestra forma de vida: el poder manifestado en el lenguaje, la arquitectura, las artes, el mismo lenguaje. Toda esta crítica se consolidaba en los procesos de deconstrucción de las formas en las que nos manifestamos e expresamos y, siguiendo el proceso, hacer un balance de aquellos valores y estructuras que aportan a una mejor y más libre sociedad versus aquellos que nos constriñen desde un nivel fundamental; no como un proceso de reducirlo todo a lo mínimo, sino diseccionar la realidad hasta tener consciencia de cada tuerca de esta gran ""máquina"". Me suena a que la crítica de que ""todo tiene que ser igual"" y el tema de la transparencia de Byung Chul Han viene a sonar las trompetas en contra del capitalismo contemporáneo, donde la existencia y toda su diversidad se aplana y se retiene solamente aquellas formas que son tan superfluas que uno puede atribuirle cualquier valor y, de esa forma, confeccionar los productos más rentables para la distribución masiva; creo el discurso insustancioso, las prendas uniformes y la propaganda de redes sociales responde más a una presión capitalista que una arista del pensamiento posmoderno.",Postmodernidad y Miedo,positivo,0,0
5680,2025-12-18,yt_user_@Camilomor,"Depurar una poesia, que absurdo, me recuerda a la boca de Hello Kitty, boca inexistente pues depurar una poesía a la hoja en blanco es lo mismo que poner una mordaza en la boca de las personas. Por eso relaciono Hello Kitty con el abuso infantil.",Postmodernidad y Miedo,neutral,0,0
5681,2025-12-18,yt_user_@JoséRenéE,"Tu video ha hecho que odie más la postmodernidad, gracias  xD",Postmodernidad y Miedo,positivo,0,0
5682,2025-12-18,yt_user_@angel_men,Seria el posmodernismo lo mismo que el minimalismo?,Postmodernidad y Miedo,negativo,0,0
5683,2025-12-18,yt_user_@albertcam,"Monitor, todo chevere con lo q dices pero veo q haces muchas afirmaciones que califican a la sociedad de tal y cual manera, sin embargo cuando cotejo eso con mi experiencia personal veo que puedo encontrar contraejemplos de lo que dices, yo ya se que tu estas generalizando, sin embargo la pregunta que me surge es, de donde sacas tales generalizaciones? Por ejemplo, dijiste que hoy las personas prefieren trabajar 8horas, prefieres su comodidad antes que mejores salarios y yo pienso lo contrario, sin embargo, indistintamente de quien tuviera la razon mi critica es hacia las fuentes o los datos que repaldan esas generalizaciones y las vuelven un argumento valido y no mas bien una opinión.",Postmodernidad y Miedo,neutral,0,0
5684,2025-12-18,yt_user_@alberton.,"Estoy más que cansado del jaloneo entre las diversas formas de pensamiento liberal (izquierda, progre, woke) y conservador (derecha, reaccionario, tradicionalista), como si la humanidad no hubiese tenido, y como si no fuese posible, otra forma de convivencia y crecimiento. Obviamente no soy pensador ni filósofo... solo alguien que siente que tiene que haber algo más que defina al ser humano.",Postmodernidad y Miedo,neutral,0,0
5685,2025-12-18,yt_user_@apthappbo,"Tras los aleluyos hay filosofía, historia, reflexión.
¿Tras los posmodernos qué? ¿ Bud Bunny??? 😂😂😂",Postmodernidad y Miedo,neutral,1,0
5686,2025-12-18,yt_user_@olaguecoe,"13:36 la sociedad posmoderna no es autocrítica, porque, para que haya autocrítica, tiene que haber un sujeto que se critique a sí mismo. El posmodernismo engendró ciertas entidades mentales en forma de instituciones ideales (la ""modernidad"", ""el Estado"", ""el patriarcado"", ""los fachos"", ""las feminazis"" y un largo etc.) que funge como alterego o como fetiche al que le atribuye siempre la crítica. La dinámica crítica de la posmodernidad edifica las ideas del mal, exteriorizandolas en entidades ajenas al individuo. Hay crítica social, pero no una autocrítica. Paradójicamente, en una sociedad donde la individualidad está más que asentada, un individuo de la posmodernidad jamás reafirmaría su individualidad en una actividad privada como lo es la autocrítica, sino que desviaría el ejercicio ""auto""-crítico hacia alguna de las entidades que edificó fuera de sí para ejercer su pensamiento reflexivo (y eso nos arroja aún a otra paradoja: no hay una verdadera afirmación de la individualidad en términos subjetivos y existenciales, sino como un simple agregado de un colectivo o entidad maligna objeto de su crítica; y lo más curioso aún jaja es que a pesar de haber un objeto de crítica, no hay un sujeto crítico, porque más allá de reafirmar su poder autonómico, se concibe a sí mismo como un ser impotente y victima de dicha entidad ideal maligna, y eso es el tema general de su discurso/crítica). Así que no, seremos ""críticos"" (porque hasta ese término es cuestionable), pero nada auto-críticos.",Postmodernidad y Miedo,positivo,3,0
5687,2025-12-18,yt_user_@Juansete0,"Postmodernidad:
Individualismo.
Hedonismo.
Revelarse es cosa del pasado.
Sin identidad: Nación, causa, religión.
Políticas de derecha neoliberales, liberales, la actual Argentina.
La ausencia de verdad, todo es subjetivo o un delirio del otro.
Arte simplista reducido a lo mínimo: Música urbana, reggaetón, o contemporánea que necesita ser explicada.
Arte y consumo industrializado.",Postmodernidad y Miedo,positivo,0,0
5688,2025-12-18,yt_user_@fernandog,"Lo explicas bien, pero no nos cuentas qué opinión tienes de que un plátano con cinta adhesiva se llama y lo vendan como arte a un precio exorbitante. Esa manifestación ""artística"", es el equivalente a un fenómeno postmoderno que se está dando, y es que cualquier ignorante tiene tanto crédito, tanta difusión o más que tú con tus conocimientos de filosofía, y seguramente más seguidores. Y esto no era lo que se venía planteando desde la Ilustración hacia acá.",Postmodernidad y Miedo,neutral,0,0
5689,2025-12-18,yt_user_@hectornin,"Si somos una sociedad autocrítica gracias al postmodernismo y ya estamos en los albores de una nueva era, esa tiene que ser la del planetarismo, la de sentirnos una sola familia con un propósito común, conquistar el espacio aunando los esfuerzos de todos para lograr nuestros objetivos",Postmodernidad y Miedo,positivo,6,0
5690,2025-12-18,yt_user_@Carolina-,Que vision tan superficial tienes (respecto a todo).,Postmodernidad y Miedo,neutral,0,0
5691,2025-12-18,yt_user_@moisesqui,"Tú vídeo es muy superficial, mal video de un buen youtuber",Postmodernidad y Miedo,negativo,0,0
5692,2025-12-18,yt_user_@soylasier,Tengo 32 años y odio los contenidos cortos y nada sustanciales. Que onda? Estoy en la época equivocada?,Postmodernidad y Miedo,negativo,1,0
5693,2025-12-18,yt_user_@darienxnx,"si no hubiera autocrítica no nacerían movimientos con otros ideales dentro de los mismos movimientos base. Por otro lado es obvio que vas a defender lo que crees, y si se te cae a pedazos es difícil aceptar que estabas equivocado, es más fácil cambiar de enfoque. Tu comentario suena más sesgado que real, como si en la modernidad o antes incluso no hubieran habido movimientos que se equivocaron",Postmodernidad y Miedo,positivo,0,0
5694,2025-12-18,yt_user_@JSSMVCJR2,"Igual que en 1950, en plena carrera espacial. O en la Ciencia Ficción...",Postmodernidad y Miedo,neutral,2,0
5695,2025-12-18,yt_user_@valdo82,"la verdad es que yo en los ultimos meses  ataca mucho la nostalgia, a veces me gastaría vivir de nuevo lo que era los principios de los 2010s, me he vuelto muy melancólico últimamente  😮‍💨",Postmodernidad y Miedo,positivo,3,0
5696,2025-12-18,yt_user_@josueabie,"""deconstrucción"" y crítica social son sin duda lo que define al posmodernismo.

Respecto al segundo punto de la transparencia, tengo mis dudas. Sobre todo cuando en dicho intervalo se afirma que la sociedad posmodernidad promueve la homogenizacion y no valora la diferencia (supuestamente contrario a otras épocas); cuando en realidad la época posmoderna, a diferencia de la moderna, la media y la antigua, ACEPTA la diferencia, por eso las sociedades posmodernas se organizan en Estados de derecho liberales, donde el Estado cada vez tiene menos poder sobre los ciudadanos, incluso menos facultades  punitivas para castigar a los delincuentes, porque su  fin es garantizar la libertad individual por sobre los intereses de la sociedad en su conjunto o del Estado, osea lo heterogéneo por sobre lo homogéneo, -indistintamente de que la época posmoderna genera muchas tendencias culturales que son seguidas por grandes grupos enajenados-. Algo que puede verse como positivo, tomando en cuenta que previo a 1980 (antes del posmodernismo, a como lo entiendo) grupos como las mujeres o los negros eran marginzaliados injustamente por ser diferentes a un canon de ciudadano, pero eso solo en algunas sociedades de occidente como Estados Unidos; en la Union Sovietica o en la China de Mao, 50 años antes que en occidente, se negaba  rotundamente que existiera una diferencia de virtudes o de valor entre personas basadas en cosas arbitrarias como el sexo o la etnia, por lo que fueron los primeros países donde mujeres participaban en igual numero en la política y en las fuerzas armadas, pero de todas formas no se permitía que nadie saliera de la cosmovisión homogénea del Estado y la sociedad.  También en el siglo XX el mundo se dividía en el bloque liberal, socialista y fascista. Hoy en dia solamente existe el bloque liberal, y algunos países que se consideran socialistas, o enfrentados al occidente liberal. 

Por eso, como tú mismo dijiste, en la era posmoderna las empresas, la academia y hasta el Estado reconocen y ven con buenos ojos a quienes hacen critica social, porque de hecho las sociedades posmodernas promueven la heterogenizacion, que cada individuo tenga derecho a negar los valores sociales, las normas religiosas y morales... aunque el posmoderno tambien tiende a negar las jerarquias y a los lideres. 
Pero la diferencia sustancial entre la critica social antigua y la critica social posmoderna, es que la posmoderna se basa en la teoria freudiana del inconsciente, pero que cambia el enfoque psicologico por uno cultural, en donde se dice que todas las personas han interiorizado ideas en su subconsciente ideas provenientes de sistemas omnipotentes, omniscientes y omnipresentes, invisibles e irresistibles, tales como el ""heteropatriarcado"" o ""la blanquitud"", y que solo se puede combatir a esos demonios mediante el psicoanalisis posmoderno, la ""deconstruccion""",Postmodernidad y Miedo,positivo,0,0
5697,2025-12-18,yt_user_@bregnevak,"En principio estoy de acuerdo; lo heterogéneo sobre lo homogéneo. Pero quizás es sólo la excusa que usan para someter a la sociedad, como la propaganda ""por la libertad"" que se usa en las guerras para imponer los propios intereses. Lo digo porque a pesar de que las políticas derivadas tienden a ser incluyentes, esa situación lleva a que todas las personas estén obligadas a vivir más o menos igual, al ya no tener un rol asignado según características particulares: ser de un país significa cada vez menos, y se empieza a tratar el nacionalismo como si fuera algo malo, y eso es perseguir la identidad; en otras palabras, a través del reconocimiento obsesivo de la heterogeneidad, la identidad de las personas reconocidas se diluye: por eso estarían tan empeñados en inventar etiquetas para cada identidad y opinión, para que la identidad de cada quién no resalte tanto, sino que estén sometidos a lo que se promueva opinar respecto a la categoría en la que se les encasilló; un buen ejemplo sería que cualquiera que trate de defender una opinión personal sobre el panorama político, o incluso sobre su propia identidad de género, será automáticamente encasillado por quien le escucha en una categoría que le quite su individualidad y lo convierta en parte de un colectivo al que se podrá juzgar más fácilmente: un hombre no puede decir ""creo que el gobierno debería intervenir en los negocios para asegurar los derechos de los que podrían quedar en desventaja en los contratos"", o ""me gustan las mujeres pero quizás estaría con un hombre"" porque de inmediato aparecerá alguien para negarle su individualidad con una etiqueta que permita meterlo en una bolsa, y de paso en un colectivo cada vez más politizado.

De hecho, se siguen creando y promoviendo formas de discriminación nuevas, como las generaciones (millenial, z, etc.), que llevan a que la identidad de los jóvenes choque más que nunca con los mayores, dándoles incluso la posibilidad de descalificar la opinión de aquellos insultándolos con la etiqueta que se les asignó, como ""boomer"".

En resumen, quizás no se estaría reconociendo la individualidad realmente, sólo reinventando la discriminación para negar a los individuos la posibilidad de ser ellos mismos fuera de lo que se les permita o imponga, porque, por ejemplo, si eres LGBT tienes que ser de izquierda.",Postmodernidad y Miedo,positivo,1,0
